{"continual_macro_BA_cluster_0_round_0": [0.4835668669149886], "continual_macro_BA_cluster_1_round_0": [0.4786272683508063], "continual_macro_BA_cluster_2_round_0": [0.4966847677414958], "continual_macro_BA_cluster_3_round_0": [0.6563524000865557], "continual_macro_BA_cluster_0_round_1": [0.5857136871680364], "continual_macro_BA_cluster_1_round_1": [0.8756861365482856], "continual_macro_BA_cluster_2_round_1": [0.6031689026945368], "continual_macro_BA_cluster_3_round_1": [0.6564449994549568], "continual_macro_BA_cluster_0_round_2": [0.5350603108415357], "continual_macro_BA_cluster_1_round_2": [0.6605850559195476], "continual_macro_BA_cluster_2_round_2": [0.7472224979756975], "continual_macro_BA_cluster_3_round_2": [0.6164429621812298], "continual_macro_BA_cluster_0_round_3": [0.748440838551054], "continual_macro_BA_cluster_1_round_3": [0.5595402292607173], "continual_macro_BA_cluster_2_round_3": [0.7151662686163568], "continual_macro_BA_cluster_3_round_3": [0.5905899038183494], "continual_macro_BA_cluster_0_round_4": [0.6358770927927409], "continual_macro_BA_cluster_1_round_4": [0.5416754503364692], "continual_macro_BA_cluster_2_round_4": [0.697596852950846], "continual_macro_BA_cluster_3_round_4": [0.7013523118826369], "continual_macro_BA_cluster_0_round_5": [0.6415577172641754], "continual_macro_BA_cluster_1_round_5": [0.7799615974507323], "continual_macro_BA_cluster_2_round_5": [0.6953599467766545], "continual_macro_BA_cluster_3_round_5": [0.6839715858796718], "continual_macro_BA_cluster_0_round_6": [0.6578479277971737], "continual_macro_BA_cluster_1_round_6": [0.6316739824672384], "continual_macro_BA_cluster_2_round_6": [0.7985892571130625], "continual_macro_BA_cluster_3_round_6": [0.6040454016856663], "continual_macro_BA_cluster_0_round_7": [0.7642871432726864], "continual_macro_BA_cluster_1_round_7": [0.576709560568027], "continual_macro_BA_cluster_2_round_7": [0.7783355401669176], "continual_macro_BA_cluster_3_round_7": [0.6293142357893023]}