{"continual_macro_BA_cluster_0_round_0": [0.4771758436944938], "continual_macro_BA_cluster_1_round_0": [0.6866899302093719], "continual_macro_BA_cluster_2_round_0": [0.5], "continual_macro_BA_cluster_3_round_0": [0.725442725351774], "continual_macro_BA_cluster_0_round_1": [0.5402408554975118], "continual_macro_BA_cluster_1_round_1": [0.8380014395465214], "continual_macro_BA_cluster_2_round_1": [0.5007711578600397], "continual_macro_BA_cluster_3_round_1": [0.6234409529525372], "continual_macro_BA_cluster_0_round_2": [0.5267772976881909], "continual_macro_BA_cluster_1_round_2": [0.6183848960049639], "continual_macro_BA_cluster_2_round_2": [0.6865229265400422], "continual_macro_BA_cluster_3_round_2": [0.5819702883302112], "continual_macro_BA_cluster_0_round_3": [0.619489164824883], "continual_macro_BA_cluster_1_round_3": [0.5507632289414424], "continual_macro_BA_cluster_2_round_3": [0.5409132017752262], "continual_macro_BA_cluster_3_round_3": [0.6133267519216291], "continual_macro_BA_cluster_0_round_4": [0.5018319029891086], "continual_macro_BA_cluster_1_round_4": [0.5323368515192219], "continual_macro_BA_cluster_2_round_4": [0.5302714530680916], "continual_macro_BA_cluster_3_round_4": [0.6782146647226555], "continual_macro_BA_cluster_0_round_5": [0.5375691884022762], "continual_macro_BA_cluster_1_round_5": [0.7044740867148617], "continual_macro_BA_cluster_2_round_5": [0.540920251857016], "continual_macro_BA_cluster_3_round_5": [0.6101156544748888], "continual_macro_BA_cluster_0_round_6": [0.5572254912025036], "continual_macro_BA_cluster_1_round_6": [0.6222186242556467], "continual_macro_BA_cluster_2_round_6": [0.6980344345302901], "continual_macro_BA_cluster_3_round_6": [0.6253722454927025], "continual_macro_BA_cluster_0_round_7": [0.6322393083402177], "continual_macro_BA_cluster_1_round_7": [0.5868022722236483], "continual_macro_BA_cluster_2_round_7": [0.5705834503205354], "continual_macro_BA_cluster_3_round_7": [0.5809745634351727]}