{"instant_average_accuracy": [0.6573407071868431, 0.7083059424986243, 0.6854853316368795, 0.6532530017770056, 0.6473769540493286, 0.6944675158423846, 0.6594988133025959, 0.6697296856354698], "average_accuracy": 0.6719322439911414, "instant_backward_transfer": ["NaN", -0.07570012982832675, -0.07273383738836098, -0.03997839392387981, -0.005876047727677053, 0.04709056179305604, -0.03496870253978876, 0.01023087233287387], "backward_transfer": -0.024562239611729063, "instant_forward_transfer": [-0.23011347920834138, 0.10928131625609985, -0.027797477904758727, "NaN", "NaN", "NaN", "NaN", "NaN"], "forward_transfer": -0.04954321361900008, "frugality_score": 0.6674156722970648}