{"instant_average_accuracy": [0.725442725351774, 0.7307211962495292, 0.6289593702917391, 0.5811230868657952, 0.5606637180747694, 0.5982697953622607, 0.6257126988702858, 0.5926498985798936], "average_accuracy": 0.630442811205756, "instant_backward_transfer": ["NaN", -0.1020017723992368, -0.1305436040819417, -0.06062497607897325, -0.02045936879102575, 0.03760607728749124, 0.027442903508025085, -0.033062800290392214], "backward_transfer": -0.040234791549436204, "instant_forward_transfer": [-0.04191975232684525, 0.03191808483152883, -0.013463557809320847, "NaN", "NaN", "NaN", "NaN", "NaN"], "forward_transfer": -0.007821741768212423, "frugality_score": 0.6224448542037392}