{"continual_macro_BA_cluster_0_round_0": [0.46624218297898373], "continual_macro_BA_cluster_1_round_0": [0.48205620624112777], "continual_macro_BA_cluster_2_round_0": [0.5366198153420488], "continual_macro_BA_cluster_3_round_0": [0.6554030459967812], "continual_macro_BA_cluster_0_round_1": [0.5743515531143483], "continual_macro_BA_cluster_1_round_1": [0.9432687304506268], "continual_macro_BA_cluster_2_round_1": [0.6198300515178536], "continual_macro_BA_cluster_3_round_1": [0.6377630785075706], "continual_macro_BA_cluster_0_round_2": [0.5087389419212698], "continual_macro_BA_cluster_1_round_2": [0.6670614423728649], "continual_macro_BA_cluster_2_round_2": [0.7660411106415899], "continual_macro_BA_cluster_3_round_2": [0.6495553473001479], "continual_macro_BA_cluster_0_round_3": [0.7731564213413743], "continual_macro_BA_cluster_1_round_3": [0.5683882557550451], "continual_macro_BA_cluster_2_round_3": [0.6917072571141067], "continual_macro_BA_cluster_3_round_3": [0.5596449316044971], "continual_macro_BA_cluster_0_round_4": [0.5789130645134678], "continual_macro_BA_cluster_1_round_4": [0.5391103125300533], "continual_macro_BA_cluster_2_round_4": [0.6333540414274516], "continual_macro_BA_cluster_3_round_4": [0.7374341348254208], "continual_macro_BA_cluster_0_round_5": [0.6135422501394936], "continual_macro_BA_cluster_1_round_5": [0.9537664213643845], "continual_macro_BA_cluster_2_round_5": [0.6980693989438929], "continual_macro_BA_cluster_3_round_5": [0.7096542014954337], "continual_macro_BA_cluster_0_round_6": [0.5892120737051281], "continual_macro_BA_cluster_1_round_6": [0.6653867968316832], "continual_macro_BA_cluster_2_round_6": [0.8031024727132898], "continual_macro_BA_cluster_3_round_6": [0.5305405644975143], "continual_macro_BA_cluster_0_round_7": [0.769616387975232], "continual_macro_BA_cluster_1_round_7": [0.5733657944522201], "continual_macro_BA_cluster_2_round_7": [0.731418414012329], "continual_macro_BA_cluster_3_round_7": [0.5225986080272281]}