{"instant_average_accuracy": [0.6554030459967812, 0.7905159044790987, 0.6942193001048675, 0.6482242164537558, 0.6222028883240984, 0.7437580679858011, 0.6470604769369038, 0.6492498011167522], "average_accuracy": 0.6813292126747574, "instant_backward_transfer": ["NaN", -0.017639967489210595, -0.1322075096425923, -0.08763915194698453, -0.02602132812965749, 0.12155517966170282, -0.0966975910488973, 0.002189324179848462], "backward_transfer": -0.033780149202255846, "instant_forward_transfer": [-0.19649413062587362, 0.09565980315558467, -0.06561261119307848, "NaN", "NaN", "NaN", "NaN", "NaN"], "forward_transfer": -0.05548231288778915, "frugality_score": 0.6575674181838617}