{"instant_average_accuracy": [0.7100440490553349, 0.7131669475977602, 0.6194465686791025, 0.6068009391859323, 0.5539458840945048, 0.5985917814357681, 0.5823572365616224, 0.5961211413784302], "average_accuracy": 0.622559318498557, "instant_backward_transfer": ["NaN", -0.12996000959760434, -0.11470014043808108, -0.01938843225695086, -0.05285505509142738, 0.04464589734126323, -0.016234544874145718, 0.01376390481680781], "backward_transfer": -0.039246911442876904, "instant_forward_transfer": [-0.044786494143444544, 0.06444337720544671, -0.05103183880724149, "NaN", "NaN", "NaN", "NaN", "NaN"], "forward_transfer": -0.010458318581746442, "frugality_score": 0.6105145639790802}