{"continual_macro_BA_cluster_0_round_0": [0.48873992419695256], "continual_macro_BA_cluster_1_round_0": [0.45679546818780875], "continual_macro_BA_cluster_2_round_0": [0.4873442642801555], "continual_macro_BA_cluster_3_round_0": [0.5593052206680411], "continual_macro_BA_cluster_0_round_1": [0.5248036498229716], "continual_macro_BA_cluster_1_round_1": [0.5907603877754343], "continual_macro_BA_cluster_2_round_1": [0.5084191376005499], "continual_macro_BA_cluster_3_round_1": [0.5257206389245437], "continual_macro_BA_cluster_0_round_2": [0.5751671453356286], "continual_macro_BA_cluster_1_round_2": [0.5731088714371991], "continual_macro_BA_cluster_2_round_2": [0.6343679918818562], "continual_macro_BA_cluster_3_round_2": [0.5213377243723257], "continual_macro_BA_cluster_0_round_3": [0.6471878705647833], "continual_macro_BA_cluster_1_round_3": [0.5680733445279594], "continual_macro_BA_cluster_2_round_3": [0.6277701259168629], "continual_macro_BA_cluster_3_round_3": [0.519922419950693], "continual_macro_BA_cluster_0_round_4": [0.6425121763593336], "continual_macro_BA_cluster_1_round_4": [0.5451106703956081], "continual_macro_BA_cluster_2_round_4": [0.60207464763984], "continual_macro_BA_cluster_3_round_4": [0.5513427478589347], "continual_macro_BA_cluster_0_round_5": [0.6584346720804605], "continual_macro_BA_cluster_1_round_5": [0.5974315820956111], "continual_macro_BA_cluster_2_round_5": [0.6098408893616122], "continual_macro_BA_cluster_3_round_5": [0.541469220075756], "continual_macro_BA_cluster_0_round_6": [0.6203164351644714], "continual_macro_BA_cluster_1_round_6": [0.5817427668932396], "continual_macro_BA_cluster_2_round_6": [0.6746213177279605], "continual_macro_BA_cluster_3_round_6": [0.5401557251703486], "continual_macro_BA_cluster_0_round_7": [0.6813512640431272], "continual_macro_BA_cluster_1_round_7": [0.5772130724551694], "continual_macro_BA_cluster_2_round_7": [0.6691127985814159], "continual_macro_BA_cluster_3_round_7": [0.5364802640664961]}