{"instant_average_accuracy": [0.625, 0.6291334995596133, 0.6305555555555555, 0.6104166666666667, 0.6104166666666667, 0.6104166666666667, 0.6104166666666667, 0.6104166666666667], "average_accuracy": 0.6170965485560628, "instant_backward_transfer": ["NaN", 0.0, 0.06669983377372007, 0.0, 0.0, 0.0, 0.0, 0.0], "backward_transfer": 0.009528547681960011, "instant_forward_transfer": [0.0, -0.025142167606887172, 0.05031364224110152, "NaN", "NaN", "NaN", "NaN", "NaN"], "forward_transfer": 0.008390491544738116, "frugality_score": 0.6104629012662376}