{"instant_average_accuracy": [0.7310561378431877, 0.8014143682067937, 0.6572832461408699, 0.6252433441481234, 0.6037105165096033, 0.7247300481344819, 0.6068656955850131, 0.6136651719645654], "average_accuracy": 0.6704960660665799, "instant_backward_transfer": ["NaN", -0.06138606670482871, -0.1900436746928198, -0.06882057681790195, -0.021532827638520158, 0.12101953162487863, -0.11786435254946873, 0.006799476379552194], "backward_transfer": -0.0474040700570155, "instant_forward_transfer": [-0.1637895423502686, 0.1094331029644206, -0.06956312882581317, "NaN", "NaN", "NaN", "NaN", "NaN"], "forward_transfer": -0.04130652273722039, "frugality_score": 0.668455152026083}