{"instant_average_accuracy": [0.6545873376071812, 0.7865448521084579, 0.6681204257029236, 0.6375459524237954, 0.6474037396828873, 0.6843861678526993, 0.6578002485486456, 0.6504223239250071], "average_accuracy": 0.6733513809814498, "instant_backward_transfer": ["NaN", 0.05203593905772752, -0.15881764721861674, -0.044101307275529224, 0.009857787259091949, 0.036982428169811954, -0.02658591930405374, -0.007377924623638427], "backward_transfer": -0.019715234847886672, "instant_forward_transfer": [-0.16938469687423732, 0.06706065270332803, -0.021350516642252182, "NaN", "NaN", "NaN", "NaN", "NaN"], "forward_transfer": -0.04122485360438716, "frugality_score": 0.6579139094314085}