{"continual_macro_BA_cluster_0_round_0": [0.4658055526140817], "continual_macro_BA_cluster_1_round_0": [0.44776571628891315], "continual_macro_BA_cluster_2_round_0": [0.47774860655582296], "continual_macro_BA_cluster_3_round_0": [0.6573407071868431], "continual_macro_BA_cluster_0_round_1": [0.5609333110078226], "continual_macro_BA_cluster_1_round_1": [0.8349713076387323], "continual_macro_BA_cluster_2_round_1": [0.6011834806742817], "continual_macro_BA_cluster_3_round_1": [0.5816405773585164], "continual_macro_BA_cluster_0_round_2": [0.5331358331030639], "continual_macro_BA_cluster_1_round_2": [0.6738116365081372], "continual_macro_BA_cluster_2_round_2": [0.7853117846901119], "continual_macro_BA_cluster_3_round_2": [0.5973325737123895], "continual_macro_BA_cluster_0_round_3": [0.6764911939690235], "continual_macro_BA_cluster_1_round_3": [0.5857378782820196], "continual_macro_BA_cluster_2_round_3": [0.7920555892669251], "continual_macro_BA_cluster_3_round_3": [0.5587273455900544], "continual_macro_BA_cluster_0_round_4": [0.6450432360513753], "continual_macro_BA_cluster_1_round_4": [0.5527353738924544], "continual_macro_BA_cluster_2_round_4": [0.787794819831294], "continual_macro_BA_cluster_3_round_4": [0.6039343864221908], "continual_macro_BA_cluster_0_round_5": [0.6693743108728354], "continual_macro_BA_cluster_1_round_5": [0.6719326885173456], "continual_macro_BA_cluster_2_round_5": [0.7954941432221766], "continual_macro_BA_cluster_3_round_5": [0.641068920757181], "continual_macro_BA_cluster_0_round_6": [0.650025690426681], "continual_macro_BA_cluster_1_round_6": [0.608182397679804], "continual_macro_BA_cluster_2_round_6": [0.7616682860613091], "continual_macro_BA_cluster_3_round_6": [0.6181188790425894], "continual_macro_BA_cluster_0_round_7": [0.7515565750438146], "continual_macro_BA_cluster_1_round_7": [0.5953084539823557], "continual_macro_BA_cluster_2_round_7": [0.7347952840576717], "continual_macro_BA_cluster_3_round_7": [0.5972584294580371]}