{"continual_macro_BA_cluster_0_round_0": [0.47424511545293074], "continual_macro_BA_cluster_1_round_0": [0.6852110335659688], "continual_macro_BA_cluster_2_round_0": [0.5], "continual_macro_BA_cluster_3_round_0": [0.7100440490553349], "continual_macro_BA_cluster_0_round_1": [0.6004068308352011], "continual_macro_BA_cluster_1_round_1": [0.84624985573779], "continual_macro_BA_cluster_2_round_1": [0.5027250390286231], "continual_macro_BA_cluster_3_round_1": [0.5800840394577306], "continual_macro_BA_cluster_0_round_2": [0.5493749920279596], "continual_macro_BA_cluster_1_round_2": [0.6397194082307822], "continual_macro_BA_cluster_2_round_2": [0.6614060917179495], "continual_macro_BA_cluster_3_round_2": [0.5572142060885762], "continual_macro_BA_cluster_0_round_3": [0.6270293474772736], "continual_macro_BA_cluster_1_round_3": [0.5967156702621265], "continual_macro_BA_cluster_2_round_3": [0.5793986084813845], "continual_macro_BA_cluster_3_round_3": [0.6240601305229444], "continual_macro_BA_cluster_0_round_4": [0.5051341013835343], "continual_macro_BA_cluster_1_round_4": [0.5320178642118474], "continual_macro_BA_cluster_2_round_4": [0.5628531220530035], "continual_macro_BA_cluster_3_round_4": [0.6157784487296342], "continual_macro_BA_cluster_0_round_5": [0.6080400076431114], "continual_macro_BA_cluster_1_round_5": [0.6406944646059015], "continual_macro_BA_cluster_2_round_5": [0.5555292531735967], "continual_macro_BA_cluster_3_round_5": [0.5901034003204627], "continual_macro_BA_cluster_0_round_6": [0.5634260621778866], "continual_macro_BA_cluster_1_round_6": [0.5614099224948003], "continual_macro_BA_cluster_2_round_6": [0.6249658297000622], "continual_macro_BA_cluster_3_round_6": [0.5796271318737404], "continual_macro_BA_cluster_0_round_7": [0.6121203385902612], "continual_macro_BA_cluster_1_round_7": [0.5719641542933105], "continual_macro_BA_cluster_2_round_7": [0.6097311385656615], "continual_macro_BA_cluster_3_round_7": [0.5906689340644875]}