{"instant_average_accuracy": [0.7374694156361046, 0.7731306435450267, 0.6410220528041592, 0.6234714057084154, 0.5704697735561273, 0.6874928875200379, 0.6430841480416534, 0.6075582524247157], "average_accuracy": 0.6604623224045301, "instant_backward_transfer": ["NaN", -0.05973189218376662, -0.18232904162221347, -0.06295369250689586, -0.05300163215228823, 0.11702311396391074, -0.044408739478384585, -0.035525895616937614], "backward_transfer": -0.045846825656653656, "instant_forward_transfer": [-0.08449704792409646, 0.12103810017132491, -0.03348923988458585, "NaN", "NaN", "NaN", "NaN", "NaN"], "forward_transfer": 0.0010172707875475324, "frugality_score": 0.6591853213568833}