{"instant_average_accuracy": [0.6563524000865557, 0.7660655680016213, 0.6747501720254917, 0.6534343100616194, 0.6441254269906732, 0.7002127118428085, 0.6730391422657852, 0.6871616199492333], "average_accuracy": 0.6818926689029735, "instant_backward_transfer": ["NaN", 9.259936840111394e-05, -0.1275515589512325, -0.052984704793683814, -0.009308883070946156, 0.056087284852135266, -0.02717356957702327, 0.014122477683448126], "backward_transfer": -0.020959479212700173, "instant_forward_transfer": [-0.2201511136667801, 0.10431547760304441, -0.05065337632650069, "NaN", "NaN", "NaN", "NaN", "NaN"], "forward_transfer": -0.05549633746341213, "frugality_score": 0.6406940137331927}