{"instant_average_accuracy": [0.7403558183619078, 0.7605637505719496, 0.6526242280472904, 0.6439003720168475, 0.6211787123706894, 0.687303828593482, 0.629327610682871, 0.6343372163475142], "average_accuracy": 0.671198942124069, "instant_backward_transfer": ["NaN", -0.07696841027318002, -0.15050338649047196, -0.0534737332306778, -0.022721659646158007, 0.06612511622279262, -0.05797621791061111, 0.005009605664643119], "backward_transfer": -0.04150124080909474, "instant_forward_transfer": [-0.2032735349647392, 0.11751130204544247, -0.052971473542747116, "NaN", "NaN", "NaN", "NaN", "NaN"], "forward_transfer": -0.04624456882068129, "frugality_score": 0.669852719336309}