{"continual_macro_BA_cluster_0_round_0": [0.46534896771848105], "continual_macro_BA_cluster_1_round_0": [0.4724182260355188], "continual_macro_BA_cluster_2_round_0": [0.4620084539727361], "continual_macro_BA_cluster_3_round_0": [0.7403558183619078], "continual_macro_BA_cluster_0_round_1": [0.5616439026997575], "continual_macro_BA_cluster_1_round_1": [0.8577400930551713], "continual_macro_BA_cluster_2_round_1": [0.6007361230823446], "continual_macro_BA_cluster_3_round_1": [0.6633874080887278], "continual_macro_BA_cluster_0_round_2": [0.5086724291570104], "continual_macro_BA_cluster_1_round_2": [0.6188668631651869], "continual_macro_BA_cluster_2_round_2": [0.7377519559789159], "continual_macro_BA_cluster_3_round_2": [0.6012538649977682], "continual_macro_BA_cluster_0_round_3": [0.7781500036175524], "continual_macro_BA_cluster_1_round_3": [0.5249322860758422], "continual_macro_BA_cluster_2_round_3": [0.7203177284990743], "continual_macro_BA_cluster_3_round_3": [0.5522014698749211], "continual_macro_BA_cluster_0_round_4": [0.6496699974359876], "continual_macro_BA_cluster_1_round_4": [0.4839202300430923], "continual_macro_BA_cluster_2_round_4": [0.6985178042238667], "continual_macro_BA_cluster_3_round_4": [0.6526068177798113], "continual_macro_BA_cluster_0_round_5": [0.6750605652365821], "continual_macro_BA_cluster_1_round_5": [0.7085417621472248], "continual_macro_BA_cluster_2_round_5": [0.7395312342965089], "continual_macro_BA_cluster_3_round_5": [0.6260817526936127], "continual_macro_BA_cluster_0_round_6": [0.6076733995845006], "continual_macro_BA_cluster_1_round_6": [0.5741598448725229], "continual_macro_BA_cluster_2_round_6": [0.7623717832506218], "continual_macro_BA_cluster_3_round_6": [0.5731054150238386], "continual_macro_BA_cluster_0_round_7": [0.738626456726482], "continual_macro_BA_cluster_1_round_7": [0.5358716656812811], "continual_macro_BA_cluster_2_round_7": [0.7350981302131905], "continual_macro_BA_cluster_3_round_7": [0.5277526127691029]}