{"instant_average_accuracy": [0.5593052206680411, 0.558240513349989, 0.5762715292304604, 0.5907384402400746, 0.585260060563429, 0.6017940909033599, 0.604209061239005, 0.6160393497865522], "average_accuracy": 0.586482283247614, "instant_backward_transfer": ["NaN", -0.03358458174349743, -0.011017215445226547, -0.004349565765288592, -0.005478379676645578, 0.016534030339930866, 0.0024149703356450836, 0.011830288547547113], "backward_transfer": -0.0033786362010764406, "instant_forward_transfer": [-0.1649324928049319, 0.028569299473206716, 0.050363495512657064, "NaN", "NaN", "NaN", "NaN", "NaN"], "forward_transfer": -0.028666565939689376, "frugality_score": 0.5708538915628535}