{"continual_macro_BA_cluster_0_round_0": [0.47618208902832115], "continual_macro_BA_cluster_1_round_0": [0.6770830779218744], "continual_macro_BA_cluster_2_round_0": [0.49965269637205606], "continual_macro_BA_cluster_3_round_0": [0.7374694156361046], "continual_macro_BA_cluster_0_round_1": [0.5793682521773724], "continual_macro_BA_cluster_1_round_1": [0.8685237636377154], "continual_macro_BA_cluster_2_round_1": [0.6385427335656546], "continual_macro_BA_cluster_3_round_1": [0.677737523452338], "continual_macro_BA_cluster_0_round_2": [0.5458790122927866], "continual_macro_BA_cluster_1_round_2": [0.6482394214779352], "continual_macro_BA_cluster_2_round_2": [0.7414629545668513], "continual_macro_BA_cluster_3_round_2": [0.5333637823676912], "continual_macro_BA_cluster_0_round_3": [0.7596805419418716], "continual_macro_BA_cluster_1_round_3": [0.5776430278814738], "continual_macro_BA_cluster_2_round_3": [0.6303251269942471], "continual_macro_BA_cluster_3_round_3": [0.5262369260160692], "continual_macro_BA_cluster_0_round_4": [0.5761629639036715], "continual_macro_BA_cluster_1_round_4": [0.5251058842737807], "continual_macro_BA_cluster_2_round_4": [0.5706500584031255], "continual_macro_BA_cluster_3_round_4": [0.6099601876439311], "continual_macro_BA_cluster_0_round_5": [0.6378920114491026], "continual_macro_BA_cluster_1_round_5": [0.7747551645553465], "continual_macro_BA_cluster_2_round_5": [0.6556049018449864], "continual_macro_BA_cluster_3_round_5": [0.6817194722307163], "continual_macro_BA_cluster_0_round_6": [0.5830309531421054], "continual_macro_BA_cluster_1_round_6": [0.579465922697407], "continual_macro_BA_cluster_2_round_6": [0.7863136501259405], "continual_macro_BA_cluster_3_round_6": [0.6235260662011606], "continual_macro_BA_cluster_0_round_7": [0.7015445824137002], "continual_macro_BA_cluster_1_round_7": [0.5615502627325828], "continual_macro_BA_cluster_2_round_7": [0.643314161948258], "continual_macro_BA_cluster_3_round_7": [0.523824002604322]}