{"continual_macro_BA_cluster_0_round_0": [0.469868848909189], "continual_macro_BA_cluster_1_round_0": [0.48060336041936463], "continual_macro_BA_cluster_2_round_0": [0.5087956947616434], "continual_macro_BA_cluster_3_round_0": [0.7310561378431877], "continual_macro_BA_cluster_0_round_1": [0.5568585432996758], "continual_macro_BA_cluster_1_round_1": [0.9331586652752284], "continual_macro_BA_cluster_2_round_1": [0.6406722062999979], "continual_macro_BA_cluster_3_round_1": [0.669670071138359], "continual_macro_BA_cluster_0_round_2": [0.4872954144738626], "continual_macro_BA_cluster_1_round_2": [0.6407661163208559], "continual_macro_BA_cluster_2_round_2": [0.7491083513946618], "continual_macro_BA_cluster_3_round_2": [0.5819752707070919], "continual_macro_BA_cluster_0_round_3": [0.73558536862359], "continual_macro_BA_cluster_1_round_3": [0.5308347977425816], "continual_macro_BA_cluster_2_round_3": [0.693728560806717], "continual_macro_BA_cluster_3_round_3": [0.5408246494196052], "continual_macro_BA_cluster_0_round_4": [0.5392542521463459], "continual_macro_BA_cluster_1_round_4": [0.5028156088732789], "continual_macro_BA_cluster_2_round_4": [0.639461330242997], "continual_macro_BA_cluster_3_round_4": [0.7333108747757913], "continual_macro_BA_cluster_0_round_5": [0.6253913761544885], "continual_macro_BA_cluster_1_round_5": [0.9345053439097581], "continual_macro_BA_cluster_2_round_5": [0.6821869179627977], "continual_macro_BA_cluster_3_round_5": [0.6568365545108833], "continual_macro_BA_cluster_0_round_6": [0.5733771164591311], "continual_macro_BA_cluster_1_round_6": [0.5798584519539087], "continual_macro_BA_cluster_2_round_6": [0.7657342319386399], "continual_macro_BA_cluster_3_round_6": [0.508492981988373], "continual_macro_BA_cluster_0_round_7": [0.7367711634757554], "continual_macro_BA_cluster_1_round_7": [0.5033385533905277], "continual_macro_BA_cluster_2_round_7": [0.7105268142747198], "continual_macro_BA_cluster_3_round_7": [0.5040241567172586]}