{"continual_macro_BA_cluster_0_round_0": [0.5040298219959896], "continual_macro_BA_cluster_1_round_0": [0.4615778216836134], "continual_macro_BA_cluster_2_round_0": [0.49675352592133076], "continual_macro_BA_cluster_3_round_0": [0.6545873376071812], "continual_macro_BA_cluster_0_round_1": [0.542307040799023], "continual_macro_BA_cluster_1_round_1": [0.8664664275520072], "continual_macro_BA_cluster_2_round_1": [0.5925976125249534], "continual_macro_BA_cluster_3_round_1": [0.7066232766649088], "continual_macro_BA_cluster_0_round_2": [0.5209565241567709], "continual_macro_BA_cluster_1_round_2": [0.6563540228508351], "continual_macro_BA_cluster_2_round_2": [0.7489068673290887], "continual_macro_BA_cluster_3_round_2": [0.5991003869288474], "continual_macro_BA_cluster_0_round_3": [0.6781264544129982], "continual_macro_BA_cluster_1_round_3": [0.5628677468757632], "continual_macro_BA_cluster_2_round_3": [0.7208975026585783], "continual_macro_BA_cluster_3_round_3": [0.588292105747842], "continual_macro_BA_cluster_0_round_4": [0.6474455610580685], "continual_macro_BA_cluster_1_round_4": [0.5456330958956679], "continual_macro_BA_cluster_2_round_4": [0.7073263691073002], "continual_macro_BA_cluster_3_round_4": [0.689209932670513], "continual_macro_BA_cluster_0_round_5": [0.7092864757545948], "continual_macro_BA_cluster_1_round_5": [0.6845596971452504], "continual_macro_BA_cluster_2_round_5": [0.7352856177252646], "continual_macro_BA_cluster_3_round_5": [0.6084128807856876], "continual_macro_BA_cluster_0_round_6": [0.6314406451008556], "continual_macro_BA_cluster_1_round_6": [0.5973210207685653], "continual_macro_BA_cluster_2_round_6": [0.7577421124896422], "continual_macro_BA_cluster_3_round_6": [0.6446972158355193], "continual_macro_BA_cluster_0_round_7": [0.6657934320833796], "continual_macro_BA_cluster_1_round_7": [0.5776567836213494], "continual_macro_BA_cluster_2_round_7": [0.7270650445189166], "continual_macro_BA_cluster_3_round_7": [0.6311740354763831]}