{"instant_average_accuracy": [0.625, 0.6958333333333333, 0.6305555555555555, 0.6104166666666667, 0.6104166666666667, 0.6104166666666667, 0.6104166666666667, 0.6104166666666667], "average_accuracy": 0.6254340277777778, "instant_backward_transfer": ["NaN", 0.0, 0.0, 0.0, 0.0, 0.0, 0.0, 0.0], "backward_transfer": 0.0, "instant_forward_transfer": [0.0, 0.0, 0.0, "NaN", "NaN", "NaN", "NaN", "NaN"], "forward_transfer": 0.0, "frugality_score": 0.6191308356010845}