{"continual_macro_BA_cluster_0_round_0": [0.5739623224796547], "continual_macro_BA_cluster_1_round_0": [0.5676442020274867], "continual_macro_BA_cluster_2_round_0": [0.6063926549177576], "continual_macro_BA_cluster_3_round_0": [0.5316875928272052], "continual_macro_BA_cluster_0_round_1": [0.5747411890564251], "continual_macro_BA_cluster_1_round_1": [0.567585571073187], "continual_macro_BA_cluster_2_round_1": [0.6085757349559797], "continual_macro_BA_cluster_3_round_1": [0.534515569579042], "continual_macro_BA_cluster_0_round_2": [0.5764347565400209], "continual_macro_BA_cluster_1_round_2": [0.5684724311121844], "continual_macro_BA_cluster_2_round_2": [0.6064085282358275], "continual_macro_BA_cluster_3_round_2": [0.5343107428203051], "continual_macro_BA_cluster_0_round_3": [0.5746366271381279], "continual_macro_BA_cluster_1_round_3": [0.5650502699382537], "continual_macro_BA_cluster_2_round_3": [0.6054003881440672], "continual_macro_BA_cluster_3_round_3": [0.532306522373002], "continual_macro_BA_cluster_0_round_4": [0.5746153097681482], "continual_macro_BA_cluster_1_round_4": [0.5667270330541764], "continual_macro_BA_cluster_2_round_4": [0.6063709505401228], "continual_macro_BA_cluster_3_round_4": [0.5322769569670582], "continual_macro_BA_cluster_0_round_5": [0.5737871409239762], "continual_macro_BA_cluster_1_round_5": [0.5662641755963843], "continual_macro_BA_cluster_2_round_5": [0.605502340843957], "continual_macro_BA_cluster_3_round_5": [0.5318938819452461], "continual_macro_BA_cluster_0_round_6": [0.5730337078651685], "continual_macro_BA_cluster_1_round_6": [0.5654737658810979], "continual_macro_BA_cluster_2_round_6": [0.6046460493751407], "continual_macro_BA_cluster_3_round_6": [0.5309390071429582], "continual_macro_BA_cluster_0_round_7": [0.5730337078651685], "continual_macro_BA_cluster_1_round_7": [0.5654737658810979], "continual_macro_BA_cluster_2_round_7": [0.6046511627906976], "continual_macro_BA_cluster_3_round_7": [0.5309341221339811]}