{"instant_average_accuracy": [0.5666274526522163, 0.5541058584446297, 0.5566770498110852, 0.5704238662036718, 0.5718345145261675, 0.5741848377297604, 0.568484768893053, 0.5702115330431032], "average_accuracy": 0.5665687351629609, "instant_backward_transfer": ["NaN", 0.00351665487209063, -0.008488944880107374, 0.000972620851991827, 0.0014106483224957944, 0.002350323203592797, -0.005700068836707234, 0.0017267641500500752], "backward_transfer": -0.000601714616656212, "instant_forward_transfer": [-0.03217160584443324, 0.037625005487036345, -0.018737848952189662, "NaN", "NaN", "NaN", "NaN", "NaN"], "forward_transfer": -0.0044281497698621846, "frugality_score": 0.5600216774375083}