{"instant_average_accuracy": [0.43452380952380953, 0.45179798723613157, 0.4435207555356982, 0.4314777759540992, 0.4314777759540992, 0.4314777759540992, 0.4314777759540992, 0.4314777759540992], "average_accuracy": 0.43590392900826697, "instant_backward_transfer": ["NaN", 0.0, 0.0, 0.0, 0.0, 0.0, 0.0, 0.0], "backward_transfer": 0.0, "instant_forward_transfer": [0.0, 0.0, 0.0, "NaN", "NaN", "NaN", "NaN", "NaN"], "forward_transfer": 0.0, "frugality_score": 0.3757917994173322}