{"instant_average_accuracy": [0.5654761904761905, 0.5482020127638685, 0.5564792444643017, 0.5685222240459008, 0.5685222240459008, 0.5685222240459008, 0.5685222240459008, 0.5685222240459008], "average_accuracy": 0.5640960709917331, "instant_backward_transfer": ["NaN", 0.0, 0.0, 0.0, 0.0, 0.0, 0.0, 0.0], "backward_transfer": 0.0, "instant_forward_transfer": [-0.026319133011123614, 0.03718504033192077, 0.0, "NaN", "NaN", "NaN", "NaN", "NaN"], "forward_transfer": 0.0036219691069323857, "frugality_score": 0.5334681967407805}