{"continual_macro_BA_cluster_0_round_0": [0.42696629213483145], "continual_macro_BA_cluster_1_round_0": [0.43452380952380953], "continual_macro_BA_cluster_2_round_0": [0.3953488372093023], "continual_macro_BA_cluster_3_round_0": [0.4690721649484536], "continual_macro_BA_cluster_0_round_1": [0.42696629213483145], "continual_macro_BA_cluster_1_round_1": [0.43452380952380953], "continual_macro_BA_cluster_2_round_1": [0.3953488372093023], "continual_macro_BA_cluster_3_round_1": [0.4690721649484536], "continual_macro_BA_cluster_0_round_2": [0.42696629213483145], "continual_macro_BA_cluster_1_round_2": [0.43452380952380953], "continual_macro_BA_cluster_2_round_2": [0.3953488372093023], "continual_macro_BA_cluster_3_round_2": [0.4690721649484536], "continual_macro_BA_cluster_0_round_3": [0.42696629213483145], "continual_macro_BA_cluster_1_round_3": [0.43452380952380953], "continual_macro_BA_cluster_2_round_3": [0.3953488372093023], "continual_macro_BA_cluster_3_round_3": [0.4690721649484536], "continual_macro_BA_cluster_0_round_4": [0.42696629213483145], "continual_macro_BA_cluster_1_round_4": [0.43452380952380953], "continual_macro_BA_cluster_2_round_4": [0.3953488372093023], "continual_macro_BA_cluster_3_round_4": [0.4690721649484536], "continual_macro_BA_cluster_0_round_5": [0.42696629213483145], "continual_macro_BA_cluster_1_round_5": [0.43452380952380953], "continual_macro_BA_cluster_2_round_5": [0.3953488372093023], "continual_macro_BA_cluster_3_round_5": [0.4690721649484536], "continual_macro_BA_cluster_0_round_6": [0.42696629213483145], "continual_macro_BA_cluster_1_round_6": [0.43452380952380953], "continual_macro_BA_cluster_2_round_6": [0.3953488372093023], "continual_macro_BA_cluster_3_round_6": [0.4690721649484536], "continual_macro_BA_cluster_0_round_7": [0.42696629213483145], "continual_macro_BA_cluster_1_round_7": [0.43452380952380953], "continual_macro_BA_cluster_2_round_7": [0.3953488372093023], "continual_macro_BA_cluster_3_round_7": [0.4690721649484536]}