{"instant_average_accuracy": [0.5654761904761905, 0.5022819404681442, 0.5564792444643017, 0.5685222240459008, 0.5685222240459008, 0.5685222240459008, 0.5685222240459008, 0.5685222240459008], "average_accuracy": 0.5583560619547675, "instant_backward_transfer": ["NaN", -0.0660081703011392, 0.04592007229572423, 0.0, 0.0, 0.0, 0.0, 0.0], "backward_transfer": -0.002869728286487853, "instant_forward_transfer": [0.0, -0.08912745507384029, 0.1051243880977592, "NaN", "NaN", "NaN", "NaN", "NaN"], "forward_transfer": 0.005332311007972971, "frugality_score": 0.5480715823640561}