{"continual_macro_BA_cluster_0_round_0": [0.550561797752809], "continual_macro_BA_cluster_1_round_0": [0.5654761904761905], "continual_macro_BA_cluster_2_round_0": [0.5787467460505323], "continual_macro_BA_cluster_3_round_0": [0.5196335343257781], "continual_macro_BA_cluster_0_round_1": [0.5730337078651685], "continual_macro_BA_cluster_1_round_1": [0.5654761904761905], "continual_macro_BA_cluster_2_round_1": [0.6046511627906976], "continual_macro_BA_cluster_3_round_1": [0.5309278350515464], "continual_macro_BA_cluster_0_round_2": [0.5730337078651685], "continual_macro_BA_cluster_1_round_2": [0.5654761904761905], "continual_macro_BA_cluster_2_round_2": [0.6046511627906976], "continual_macro_BA_cluster_3_round_2": [0.5309278350515464], "continual_macro_BA_cluster_0_round_3": [0.5730337078651685], "continual_macro_BA_cluster_1_round_3": [0.5654761904761905], "continual_macro_BA_cluster_2_round_3": [0.6046511627906976], "continual_macro_BA_cluster_3_round_3": [0.5309278350515464], "continual_macro_BA_cluster_0_round_4": [0.5730337078651685], "continual_macro_BA_cluster_1_round_4": [0.5654761904761905], "continual_macro_BA_cluster_2_round_4": [0.6046511627906976], "continual_macro_BA_cluster_3_round_4": [0.5309278350515464], "continual_macro_BA_cluster_0_round_5": [0.5730337078651685], "continual_macro_BA_cluster_1_round_5": [0.5654761904761905], "continual_macro_BA_cluster_2_round_5": [0.6046511627906976], "continual_macro_BA_cluster_3_round_5": [0.5309278350515464], "continual_macro_BA_cluster_0_round_6": [0.5730337078651685], "continual_macro_BA_cluster_1_round_6": [0.5654761904761905], "continual_macro_BA_cluster_2_round_6": [0.6046511627906976], "continual_macro_BA_cluster_3_round_6": [0.5309278350515464], "continual_macro_BA_cluster_0_round_7": [0.5730337078651685], "continual_macro_BA_cluster_1_round_7": [0.5654761904761905], "continual_macro_BA_cluster_2_round_7": [0.6046511627906976], "continual_macro_BA_cluster_3_round_7": [0.5309278350515464]}