{"continual_macro_BA_cluster_0_round_0": [0.5732587617725264], "continual_macro_BA_cluster_1_round_0": [0.56577147747835], "continual_macro_BA_cluster_2_round_0": [0.6049883338416107], "continual_macro_BA_cluster_3_round_0": [0.5309488253375814], "continual_macro_BA_cluster_0_round_1": [0.5693902471644651], "continual_macro_BA_cluster_1_round_1": [0.5646637630806007], "continual_macro_BA_cluster_2_round_1": [0.6009382487656874], "continual_macro_BA_cluster_3_round_1": [0.5339339724972423], "continual_macro_BA_cluster_0_round_2": [0.5785608195215681], "continual_macro_BA_cluster_1_round_2": [0.5467445039008426], "continual_macro_BA_cluster_2_round_2": [0.5997941623954425], "continual_macro_BA_cluster_3_round_2": [0.5342404141007735], "continual_macro_BA_cluster_0_round_3": [0.5765174451935569], "continual_macro_BA_cluster_1_round_3": [0.5666969325861073], "continual_macro_BA_cluster_2_round_3": [0.6100668018607683], "continual_macro_BA_cluster_3_round_3": [0.5330258875685902], "continual_macro_BA_cluster_0_round_4": [0.5748593466785283], "continual_macro_BA_cluster_1_round_4": [0.5617043883263824], "continual_macro_BA_cluster_2_round_4": [0.6006261286414495], "continual_macro_BA_cluster_3_round_4": [0.5332375741898508], "continual_macro_BA_cluster_0_round_5": [0.5764764607419408], "continual_macro_BA_cluster_1_round_5": [0.5671308929399274], "continual_macro_BA_cluster_2_round_5": [0.6095915735834269], "continual_macro_BA_cluster_3_round_5": [0.5353084920006044], "continual_macro_BA_cluster_0_round_6": [0.5823255559595617], "continual_macro_BA_cluster_1_round_6": [0.5573237738509373], "continual_macro_BA_cluster_2_round_6": [0.6046308878479558], "continual_macro_BA_cluster_3_round_6": [0.5346887537921924], "continual_macro_BA_cluster_0_round_7": [0.5766174667422471], "continual_macro_BA_cluster_1_round_7": [0.5649162875231172], "continual_macro_BA_cluster_2_round_7": [0.6028797254154911], "continual_macro_BA_cluster_3_round_7": [0.5344129464111006]}