{"instant_average_accuracy": [0.5668869144385805, 0.5469796568390399, 0.5599099483678532, 0.5720209747232089, 0.5706566220436857, 0.5719082920256529, 0.5682350676859093, 0.572806100011933], "average_accuracy": 0.5661754470169831, "instant_backward_transfer": ["NaN", -0.00698079967344456, 0.0014057100850937143, -0.0004064981996782698, -0.001364352679523062, 0.0012516699819670185, -0.003673224339743486, 0.004571032326023627], "backward_transfer": -0.0007423517856150023, "instant_forward_transfer": [-0.0041313186113348666, -0.00015482195580124314, -0.002642590054552696, "NaN", "NaN", "NaN", "NaN", "NaN"], "forward_transfer": -0.0023095768738962685, "frugality_score": 0.5396910648490848}