{"continual_macro_BA_cluster_0_round_0": [0.5402494835408329], "continual_macro_BA_cluster_1_round_0": [0.5666274526522163], "continual_macro_BA_cluster_2_round_0": [0.5745745325244087], "continual_macro_BA_cluster_3_round_0": [0.5143740146063753], "continual_macro_BA_cluster_0_round_1": [0.5773842012970154], "continual_macro_BA_cluster_1_round_1": [0.5701441075243069], "continual_macro_BA_cluster_2_round_1": [0.6126898257422989], "continual_macro_BA_cluster_3_round_1": [0.5380676093649526], "continual_macro_BA_cluster_0_round_2": [0.5787973223042111], "continual_macro_BA_cluster_1_round_2": [0.5573571801249774], "continual_macro_BA_cluster_2_round_2": [0.5939519767901092], "continual_macro_BA_cluster_3_round_2": [0.5338766470040673], "continual_macro_BA_cluster_0_round_3": [0.5777846329695655], "continual_macro_BA_cluster_1_round_3": [0.5598886022599379], "continual_macro_BA_cluster_2_round_3": [0.6087464528254557], "continual_macro_BA_cluster_3_round_3": [0.5352757767597279], "continual_macro_BA_cluster_0_round_4": [0.5772444342003447], "continual_macro_BA_cluster_1_round_4": [0.5685541015748519], "continual_macro_BA_cluster_2_round_4": [0.6076930679864522], "continual_macro_BA_cluster_3_round_4": [0.5338464543430215], "continual_macro_BA_cluster_0_round_5": [0.5796436686823808], "continual_macro_BA_cluster_1_round_5": [0.5641341247622763], "continual_macro_BA_cluster_2_round_5": [0.6126754127201063], "continual_macro_BA_cluster_3_round_5": [0.5402861447542779], "continual_macro_BA_cluster_0_round_6": [0.5783114580433233], "continual_macro_BA_cluster_1_round_6": [0.5554423396510771], "continual_macro_BA_cluster_2_round_6": [0.6059145909297353], "continual_macro_BA_cluster_3_round_6": [0.5342706869480767], "continual_macro_BA_cluster_0_round_7": [0.5795455786832533], "continual_macro_BA_cluster_1_round_7": [0.5551332839674961], "continual_macro_BA_cluster_2_round_7": [0.6088217682082068], "continual_macro_BA_cluster_3_round_7": [0.5373455013134566]}