{"instant_average_accuracy": [0.5654761904761905, 0.5353339976093575, 0.5564792444643017, 0.5685222240459008, 0.5685222240459008, 0.5423281456798394, 0.5685222240459008, 0.560785607491775], "average_accuracy": 0.5582462322323958, "instant_backward_transfer": ["NaN", 0.0, 0.012868015154510914, 0.0, 0.0, -0.026194078366061316, 0.026194078366061316, -0.00773661655412583], "backward_transfer": 0.0007330569429121549, "instant_forward_transfer": [0.010315488738834441, 0.0, 0.0, "NaN", "NaN", "NaN", "NaN", "NaN"], "forward_transfer": 0.003438496246278147, "frugality_score": 0.5298120592436422}