{"continual_macro_BA_cluster_0_round_0": [0.5743889663469653], "continual_macro_BA_cluster_1_round_0": [0.5668869144385805], "continual_macro_BA_cluster_2_round_0": [0.6059087249183864], "continual_macro_BA_cluster_3_round_0": [0.5320661623854617], "continual_macro_BA_cluster_0_round_1": [0.5699752067758033], "continual_macro_BA_cluster_1_round_1": [0.559906114765136], "continual_macro_BA_cluster_2_round_1": [0.610012840577946], "continual_macro_BA_cluster_3_round_1": [0.5340531989129439], "continual_macro_BA_cluster_0_round_2": [0.5829591112552924], "continual_macro_BA_cluster_1_round_2": [0.5597323316031241], "continual_macro_BA_cluster_2_round_2": [0.6073702505233933], "continual_macro_BA_cluster_3_round_2": [0.5370384022451432], "continual_macro_BA_cluster_0_round_3": [0.5788015953276254], "continual_macro_BA_cluster_1_round_3": [0.5652119547908214], "continual_macro_BA_cluster_2_round_3": [0.6095735483883105], "continual_macro_BA_cluster_3_round_3": [0.534496800386078], "continual_macro_BA_cluster_0_round_4": [0.5756515124019028], "continual_macro_BA_cluster_1_round_4": [0.5685633595858663], "continual_macro_BA_cluster_2_round_4": [0.6055320989986059], "continual_macro_BA_cluster_3_round_4": [0.532879517188368], "continual_macro_BA_cluster_0_round_5": [0.577204675234517], "continual_macro_BA_cluster_1_round_5": [0.5658835608797018], "continual_macro_BA_cluster_2_round_5": [0.6081108689036034], "continual_macro_BA_cluster_3_round_5": [0.5364340630847889], "continual_macro_BA_cluster_0_round_6": [0.5747563408189658], "continual_macro_BA_cluster_1_round_6": [0.5536509181328843], "continual_macro_BA_cluster_2_round_6": [0.6073749113844529], "continual_macro_BA_cluster_3_round_6": [0.5371581004073344], "continual_macro_BA_cluster_0_round_7": [0.5788567011570939], "continual_macro_BA_cluster_1_round_7": [0.5664665905629137], "continual_macro_BA_cluster_2_round_7": [0.6096388085973466], "continual_macro_BA_cluster_3_round_7": [0.5362622997303775]}