{"instant_average_accuracy": [0.5669958898386113, 0.5506730120998684, 0.5537757347450665, 0.5687490684506987, 0.5690225784942509, 0.5685250464222882, 0.5655576384164643, 0.5675500952237277], "average_accuracy": 0.563856132961372, "instant_backward_transfer": ["NaN", -0.0032429263764887084, -0.007141880450666882, 0.002651192728943356, 0.00027351004355205544, -0.0004975320719626253, -0.002967408005823846, 0.001992456807263343], "backward_transfer": -0.0012760839035976155, "instant_forward_transfer": [-0.02055967220829495, 0.026693419088695547, -0.0030947131197380795, "NaN", "NaN", "NaN", "NaN", "NaN"], "forward_transfer": 0.001013011253554173, "frugality_score": 0.5220741234896642}