{"instant_average_accuracy": [0.5672020229631353, 0.5482331321003908, 0.5564783173021596, 0.5685222240459008, 0.5685222240459008, 0.5685222240459008, 0.5685222240459008, 0.5685222240459008], "average_accuracy": 0.5643155740743987, "instant_backward_transfer": ["NaN", -0.0016716058899746145, -3.25100797355371e-05, 9.271621420984625e-07, 0.0, 0.0, 0.0, 0.0], "backward_transfer": -0.00024331268679543615, "instant_forward_transfer": [-0.027235821716565838, 0.03317101416297541, -0.00011238131684976338, "NaN", "NaN", "NaN", "NaN", "NaN"], "forward_transfer": 0.0019409370431866027, "frugality_score": 0.5510277473423653}