{"continual_macro_BA_cluster_0_round_0": [0.5458340338307099], "continual_macro_BA_cluster_1_round_0": [0.5669958898386113], "continual_macro_BA_cluster_2_round_0": [0.5865091231610652], "continual_macro_BA_cluster_3_round_0": [0.5234150179989338], "continual_macro_BA_cluster_0_round_1": [0.5762844923994048], "continual_macro_BA_cluster_1_round_1": [0.5637529634621226], "continual_macro_BA_cluster_2_round_1": [0.6094455027697614], "continual_macro_BA_cluster_3_round_1": [0.5375930607376144], "continual_macro_BA_cluster_0_round_2": [0.5742649409367964], "continual_macro_BA_cluster_1_round_2": [0.554844638024804], "continual_macro_BA_cluster_2_round_2": [0.6063507896500233], "continual_macro_BA_cluster_3_round_2": [0.5322176252735992], "continual_macro_BA_cluster_0_round_3": [0.5732605287245778], "continual_macro_BA_cluster_1_round_3": [0.5652414672643526], "continual_macro_BA_cluster_2_round_3": [0.6057154913807654], "continual_macro_BA_cluster_3_round_3": [0.5307787864330992], "continual_macro_BA_cluster_0_round_4": [0.5735641397229146], "continual_macro_BA_cluster_1_round_4": [0.5659886121674633], "continual_macro_BA_cluster_2_round_4": [0.6054533063693729], "continual_macro_BA_cluster_3_round_4": [0.5310842557172524], "continual_macro_BA_cluster_0_round_5": [0.5730337078651685], "continual_macro_BA_cluster_1_round_5": [0.5654761904761905], "continual_macro_BA_cluster_2_round_5": [0.6046624522962474], "continual_macro_BA_cluster_3_round_5": [0.5309278350515464], "continual_macro_BA_cluster_0_round_6": [0.5730375865332017], "continual_macro_BA_cluster_1_round_6": [0.5535684579249859], "continual_macro_BA_cluster_2_round_6": [0.6046639182832128], "continual_macro_BA_cluster_3_round_6": [0.530960590924457], "continual_macro_BA_cluster_0_round_7": [0.5756606801942544], "continual_macro_BA_cluster_1_round_7": [0.552763189279317], "continual_macro_BA_cluster_2_round_7": [0.60871002072703], "continual_macro_BA_cluster_3_round_7": [0.5330664906943093]}