{"instant_average_accuracy": [0.5674681185055825, 0.5533642552326776, 0.5631938955275128, 0.5732332544565241, 0.5726670661313692, 0.5753871582317641, 0.5763232616731768, 0.5740361271589619], "average_accuracy": 0.5694591421146962, "instant_backward_transfer": ["NaN", 0.0001517686817820163, -0.0017309598612849642, -0.0033095930366866533, -0.0005661883251547872, 0.002720092100394922, 0.0009361034414126501, -0.002287134514214889], "backward_transfer": -0.0005837016448216722, "instant_forward_transfer": [-0.033508953749764, 0.03694540625752224, -0.00466094792445626, "NaN", "NaN", "NaN", "NaN", "NaN"], "forward_transfer": -0.0004081651388993408, "frugality_score": 0.5610285623323085}