{"instant_average_accuracy": [0.56577147747835, 0.5492988677889215, 0.5531819125077281, 0.5715767668022557, 0.5676068594590528, 0.5721268548164749, 0.5697422428626618, 0.569706606522989], "average_accuracy": 0.5648764485298042, "instant_backward_transfer": ["NaN", -0.0011077143977492598, -0.008806408788113451, 0.005564842608356694, -0.003969907343202905, 0.004519995357422091, -0.0023846119538130373, -3.56363396728232e-05], "backward_transfer": -0.0008884915509675273, "instant_forward_transfer": [-0.0015714058723734399, -0.003959299841992336, -0.001144086370244879, "NaN", "NaN", "NaN", "NaN", "NaN"], "forward_transfer": -0.002224930694870218, "frugality_score": 0.5521629876570101}