{"instant_average_accuracy": [0.5654761904761905, 0.5482020127638685, 0.5564792444643017, 0.5685222240459008, 0.5685222240459008, 0.5685222240459008, 0.5685222240459008, 0.5685222240459008], "average_accuracy": 0.5640960709917331, "instant_backward_transfer": ["NaN", 0.0, 0.0, 0.0, 0.0, 0.0, 0.0, 0.0], "backward_transfer": 0.0, "instant_forward_transfer": [-0.01989020919276437, 0.0241881634262624, 0.0, "NaN", "NaN", "NaN", "NaN", "NaN"], "forward_transfer": 0.00143265141116601, "frugality_score": 0.5567753644174241}