{"instant_average_accuracy": [0.5676442020274867, 0.5510505703261145, 0.5597393101575034, 0.5693484518983627, 0.5699975625823763, 0.5693618848273909, 0.5685231325660913, 0.5685231896677363], "average_accuracy": 0.5655235380066328, "instant_backward_transfer": ["NaN", -5.863095429969878e-05, 0.0003410166401302539, -0.0024081703410422373, 0.0006491106840137151, -0.000635677754985492, -0.000838752261299619, 5.7101644967971765e-08], "backward_transfer": -0.00042157812654830144, "instant_forward_transfer": [0.001141192478256799, 0.0014809733074962472, -0.0021672067201522482, "NaN", "NaN", "NaN", "NaN", "NaN"], "forward_transfer": 0.0001516530218669326, "frugality_score": 0.5591755556175927}