{"continual_macro_BA_cluster_0_round_0": [0.5426119123023766], "continual_macro_BA_cluster_1_round_0": [0.5674681185055825], "continual_macro_BA_cluster_2_round_0": [0.5724834067825862], "continual_macro_BA_cluster_3_round_0": [0.5194453272099379], "continual_macro_BA_cluster_0_round_1": [0.5777217975407599], "continual_macro_BA_cluster_1_round_1": [0.5676198871873646], "continual_macro_BA_cluster_2_round_1": [0.6112643340592474], "continual_macro_BA_cluster_3_round_1": [0.5391086232779907], "continual_macro_BA_cluster_0_round_2": [0.5863150958397533], "continual_macro_BA_cluster_1_round_2": [0.5623931782770735], "continual_macro_BA_cluster_2_round_2": [0.6066033861347911], "continual_macro_BA_cluster_3_round_2": [0.5408734124657119], "continual_macro_BA_cluster_0_round_3": [0.5826594277482697], "continual_macro_BA_cluster_1_round_3": [0.5621810250702234], "continual_macro_BA_cluster_2_round_3": [0.6132801103536174], "continual_macro_BA_cluster_3_round_3": [0.5348124546539855], "continual_macro_BA_cluster_0_round_4": [0.5831080892937286], "continual_macro_BA_cluster_1_round_4": [0.5592561566546519], "continual_macro_BA_cluster_2_round_4": [0.613723359593239], "continual_macro_BA_cluster_3_round_4": [0.5345806589838574], "continual_macro_BA_cluster_0_round_5": [0.5838824159665642], "continual_macro_BA_cluster_1_round_5": [0.5652674208753672], "continual_macro_BA_cluster_2_round_5": [0.6093761388619104], "continual_macro_BA_cluster_3_round_5": [0.5430226572232147], "continual_macro_BA_cluster_0_round_6": [0.589442220187533], "continual_macro_BA_cluster_1_round_6": [0.5629895364578151], "continual_macro_BA_cluster_2_round_6": [0.613170443313629], "continual_macro_BA_cluster_3_round_6": [0.53969084673373], "continual_macro_BA_cluster_0_round_7": [0.5842597661868233], "continual_macro_BA_cluster_1_round_7": [0.5610770010916549], "continual_macro_BA_cluster_2_round_7": [0.6116348509651862], "continual_macro_BA_cluster_3_round_7": [0.5391728903921832]}