{"continual_macro_BA_cluster_0_round_0": [0.69765625], "continual_macro_BA_cluster_1_round_0": [0.5845013876040703], "continual_macro_BA_cluster_2_round_0": [0.5018796992481203], "continual_macro_BA_cluster_0_round_1": [0.6545342463908641], "continual_macro_BA_cluster_1_round_1": [0.5994569019583248], "continual_macro_BA_cluster_2_round_1": [0.7475352039496777], "continual_macro_BA_cluster_0_round_2": [0.6426305955074337], "continual_macro_BA_cluster_1_round_2": [0.7308529649257592], "continual_macro_BA_cluster_2_round_2": [0.6633442866995498], "continual_macro_BA_cluster_0_round_3": [0.677134709653092], "continual_macro_BA_cluster_1_round_3": [0.7478076365261292], "continual_macro_BA_cluster_2_round_3": [0.6765157480618007], "continual_macro_BA_cluster_0_round_4": [0.6739276624111183], "continual_macro_BA_cluster_1_round_4": [0.779068216027219], "continual_macro_BA_cluster_2_round_4": [0.7577080562277931], "continual_macro_BA_cluster_0_round_5": [0.681112065018315], "continual_macro_BA_cluster_1_round_5": [0.732201308424403], "continual_macro_BA_cluster_2_round_5": [0.7429939444742075]}