{"continual_macro_BA_cluster_0_round_0": [0.7], "continual_macro_BA_cluster_1_round_0": [0.5], "continual_macro_BA_cluster_2_round_0": [0.5], "continual_macro_BA_cluster_0_round_1": [0.5938461538461538], "continual_macro_BA_cluster_1_round_1": [0.4952330508474576], "continual_macro_BA_cluster_2_round_1": [0.5740665584415585], "continual_macro_BA_cluster_0_round_2": [0.6126802884615384], "continual_macro_BA_cluster_1_round_2": [0.5807428150331614], "continual_macro_BA_cluster_2_round_2": [0.6003111471861472], "continual_macro_BA_cluster_0_round_3": [0.7], "continual_macro_BA_cluster_1_round_3": [0.4994703389830508], "continual_macro_BA_cluster_2_round_3": [0.509469696969697], "continual_macro_BA_cluster_0_round_4": [0.5646153846153846], "continual_macro_BA_cluster_1_round_4": [0.4788135593220339], "continual_macro_BA_cluster_2_round_4": [0.6394074675324676], "continual_macro_BA_cluster_0_round_5": [0.7], "continual_macro_BA_cluster_1_round_5": [0.5], "continual_macro_BA_cluster_2_round_5": [0.5018939393939394]}