{"continual_macro_BA_cluster_0_round_0": [0.6990196078431372], "continual_macro_BA_cluster_1_round_0": [0.5], "continual_macro_BA_cluster_2_round_0": [0.5], "continual_macro_BA_cluster_0_round_1": [0.3820555914673562], "continual_macro_BA_cluster_1_round_1": [0.46556527226830147], "continual_macro_BA_cluster_2_round_1": [0.7695226626147679], "continual_macro_BA_cluster_0_round_2": [0.4508653846153846], "continual_macro_BA_cluster_1_round_2": [0.7138813559322034], "continual_macro_BA_cluster_2_round_2": [0.5885416666666667], "continual_macro_BA_cluster_0_round_3": [0.7726190476190476], "continual_macro_BA_cluster_1_round_3": [0.6167169287696577], "continual_macro_BA_cluster_2_round_3": [0.5503935668409352], "continual_macro_BA_cluster_0_round_4": [0.39079400991165697], "continual_macro_BA_cluster_1_round_4": [0.5086110710421926], "continual_macro_BA_cluster_2_round_4": [0.7806094820897452], "continual_macro_BA_cluster_0_round_5": [0.5035714285714286], "continual_macro_BA_cluster_1_round_5": [0.7073399042004421], "continual_macro_BA_cluster_2_round_5": [0.5246212121212122]}