{"continual_macro_BA_cluster_0_round_0": [0.7], "continual_macro_BA_cluster_1_round_0": [0.5], "continual_macro_BA_cluster_2_round_0": [0.5], "continual_macro_BA_cluster_0_round_1": [0.40939129497953025], "continual_macro_BA_cluster_1_round_1": [0.39116705733862245], "continual_macro_BA_cluster_2_round_1": [0.7317507720468246], "continual_macro_BA_cluster_0_round_2": [0.4284014423076923], "continual_macro_BA_cluster_1_round_2": [0.7475427413411938], "continual_macro_BA_cluster_2_round_2": [0.6109307359307359], "continual_macro_BA_cluster_0_round_3": [0.66890625], "continual_macro_BA_cluster_1_round_3": [0.7039130434782608], "continual_macro_BA_cluster_2_round_3": [0.5], "continual_macro_BA_cluster_0_round_4": [0.5606490384615385], "continual_macro_BA_cluster_1_round_4": [0.639969602063375], "continual_macro_BA_cluster_2_round_4": [0.6229707792207793], "continual_macro_BA_cluster_0_round_5": [0.672920673076923], "continual_macro_BA_cluster_1_round_5": [0.6033913043478261], "continual_macro_BA_cluster_2_round_5": [0.5]}