{"continual_macro_BA_cluster_0_round_0": [0.7], "continual_macro_BA_cluster_1_round_0": [0.5], "continual_macro_BA_cluster_2_round_0": [0.5], "continual_macro_BA_cluster_0_round_1": [0.5867751427494075], "continual_macro_BA_cluster_1_round_1": [0.4812216011539848], "continual_macro_BA_cluster_2_round_1": [0.7238268044189097], "continual_macro_BA_cluster_0_round_2": [0.5846064964447317], "continual_macro_BA_cluster_1_round_2": [0.6194614253908026], "continual_macro_BA_cluster_2_round_2": [0.692334529505582], "continual_macro_BA_cluster_0_round_3": [0.5897065893665159], "continual_macro_BA_cluster_1_round_3": [0.6745905313661237], "continual_macro_BA_cluster_2_round_3": [0.6825804144883092], "continual_macro_BA_cluster_0_round_4": [0.5849796649429002], "continual_macro_BA_cluster_1_round_4": [0.7121697384719108], "continual_macro_BA_cluster_2_round_4": [0.6875028865160444], "continual_macro_BA_cluster_0_round_5": [0.5816435035552683], "continual_macro_BA_cluster_1_round_5": [0.7088681658539645], "continual_macro_BA_cluster_2_round_5": [0.6652220616036405]}