{"instant_average_accuracy": [0.7064425770308124, 0.6846899340688041, 0.6642326375286869, 0.6536404345470546, 0.7239060125873685, 0.7151351748760634], "average_accuracy": 0.6913411284397983, "instant_backward_transfer": ["NaN", -0.10432773109243698, -0.042845426732326886, -0.01059220298163229, 0.07026557804031397, -0.008770837711305157], "backward_transfer": -0.01925412409547747, "instant_forward_transfer": [-0.1842716018564774, 0.0112853055080826, "NaN", "NaN", "NaN", "NaN"], "forward_transfer": -0.0864931481741974, "frugality_score": 0.6906234903066865}