{"continual_macro_BA_cluster_0_round_0": [0.7064425770308124], "continual_macro_BA_cluster_1_round_0": [0.5304588344125809], "continual_macro_BA_cluster_2_round_0": [0.5305324121113595], "continual_macro_BA_cluster_0_round_1": [0.6021148459383754], "continual_macro_BA_cluster_1_round_1": [0.5417441399206635], "continual_macro_BA_cluster_2_round_1": [0.7672650221992328], "continual_macro_BA_cluster_0_round_2": [0.631119707498384], "continual_macro_BA_cluster_1_round_2": [0.7090088979131062], "continual_macro_BA_cluster_2_round_2": [0.6525693071745704], "continual_macro_BA_cluster_0_round_3": [0.6401270941068735], "continual_macro_BA_cluster_1_round_3": [0.7261066691230655], "continual_macro_BA_cluster_2_round_3": [0.5946875404112246], "continual_macro_BA_cluster_0_round_4": [0.676065637793579], "continual_macro_BA_cluster_1_round_4": [0.7422083052415371], "continual_macro_BA_cluster_2_round_4": [0.7534440947269895], "continual_macro_BA_cluster_0_round_5": [0.7158710743912949], "continual_macro_BA_cluster_1_round_5": [0.7365136996503552], "continual_macro_BA_cluster_2_round_5": [0.69302075058654]}