{"instant_average_accuracy": [0.69765625, 0.7010347251702709, 0.6789426157109143, 0.700486031413674, 0.7369013115553767, 0.7187691059723086], "average_accuracy": 0.7056316733037574, "instant_backward_transfer": ["NaN", -0.04312200360913587, -0.048047284066779106, 0.02154341570275971, 0.036415280141702845, -0.01813220558306831], "backward_transfer": -0.010268559482904147, "instant_forward_transfer": [-0.19440708302320997, 0.014955514354254462, "NaN", "NaN", "NaN", "NaN"], "forward_transfer": -0.08972578433447775, "frugality_score": 0.7055666404156318}