{"instant_average_accuracy": [0.7, 0.5705710335131774, 0.5956249731932074, 0.624273097826087, 0.6078631399152309, 0.5921039924749164], "average_accuracy": 0.6150727061537699, "instant_backward_transfer": ["NaN", -0.2906087050204697, -0.05090494439396334, 0.028648124632879617, -0.016409957910856015, -0.015759147440314553], "backward_transfer": -0.0690069260265448, "instant_forward_transfer": [-0.05169565217391303, -0.10883294266137755, "NaN", "NaN", "NaN", "NaN"], "forward_transfer": -0.08026429741764529, "frugality_score": 0.6148988929485697}