{"instant_average_accuracy": [0.7, 0.5839563561438561, 0.5979114168936156, 0.5696466786509159, 0.560945470489962, 0.5672979797979798], "average_accuracy": 0.5966263169960548, "instant_backward_transfer": ["NaN", -0.10615384615384615, 0.022539361679986658, -0.028264738242699743, -0.008701208160953896, 0.006352509308017766], "backward_transfer": -0.022845584313899072, "instant_forward_transfer": [-0.0009469696969697239, -0.004766949152542388, "NaN", "NaN", "NaN", "NaN"], "forward_transfer": -0.002856959424756056, "frugality_score": 0.5965773337853719}