{"instant_average_accuracy": [0.6990196078431372, 0.575789127041062, 0.5844294690714182, 0.6465765144098802, 0.560004854347865, 0.5785108482976943], "average_accuracy": 0.6073884035018429, "instant_backward_transfer": ["NaN", -0.31696401637578103, -0.05608560140003635, 0.06214704533846194, -0.08657166006201523, 0.018505993949829342], "backward_transfer": -0.07579364770990826, "instant_forward_transfer": [-0.11598055816082714, -0.03443472773169853, "NaN", "NaN", "NaN", "NaN"], "forward_transfer": -0.07520764294626284, "frugality_score": 0.6073405702316462}