{"instant_average_accuracy": [0.7, 0.4972312062937063, 0.5819646739130434, 0.5677536231884058, 0.5003333333333333, 0.5902427536231883], "average_accuracy": 0.5729209317252796, "instant_backward_transfer": ["NaN", -0.3092307692307692, 0.02073754370629366, -0.01421105072463765, -0.06742028985507247, 0.08990942028985509], "backward_transfer": -0.05604302916286611, "instant_forward_transfer": [-0.10723913043478261, -0.014300847457627108, "NaN", "NaN", "NaN", "NaN"], "forward_transfer": -0.06076998894620486, "frugality_score": 0.5727318552494097}