{"instant_average_accuracy": [0.7, 0.6553009735841586, 0.6321341504470388, 0.6489591784069829, 0.6615507633102852, 0.6519112436709578], "average_accuracy": 0.6583093849032372, "instant_backward_transfer": ["NaN", -0.1132248572505925, -0.016830460609001674, 0.016825027959944117, 0.012591584903302219, -0.009639519639327373], "backward_transfer": -0.02205564492713504, "instant_forward_transfer": [-0.1870451137288025, -0.018778398846015176, "NaN", "NaN", "NaN", "NaN"], "forward_transfer": -0.10291175628740884, "frugality_score": 0.658134138735343}