{"instant_average_accuracy": [0.5, 0.4694119931651375, 0.5, 0.5, 0.5, 0.5], "average_accuracy": 0.4949019988608563, "instant_backward_transfer": ["NaN", -0.05939031862745098, 0.030588006834862486, 0.0, 0.0, 0.0], "backward_transfer": -0.005760462358517698, "instant_forward_transfer": [0.0, -0.010615759105661704, "NaN", "NaN", "NaN", "NaN"], "forward_transfer": -0.005307879552830852, "frugality_score": 0.4948047224048834}