{"continual_macro_BA_cluster_0_round_0": [0.648489035478695], "continual_macro_BA_cluster_1_round_0": [0.745], "continual_macro_BA_cluster_2_round_0": [0.974089860753615], "continual_macro_BA_cluster_3_round_0": [0.8512354941976791], "continual_macro_BA_cluster_0_round_1": [0.8442556048315207], "continual_macro_BA_cluster_1_round_1": [0.9605802743789396], "continual_macro_BA_cluster_2_round_1": [0.9725120236773954], "continual_macro_BA_cluster_3_round_1": [0.8243830865679604], "continual_macro_BA_cluster_0_round_2": [0.977038563438328], "continual_macro_BA_cluster_1_round_2": [0.9626436781609196], "continual_macro_BA_cluster_2_round_2": [0.970465485703283], "continual_macro_BA_cluster_3_round_2": [0.9731186224489796], "continual_macro_BA_cluster_0_round_3": [0.9797827790910165], "continual_macro_BA_cluster_1_round_3": [0.9782610307749351], "continual_macro_BA_cluster_2_round_3": [0.9819459859415465], "continual_macro_BA_cluster_3_round_3": [0.9756435907696412], "continual_macro_BA_cluster_0_round_4": [0.9656487772584136], "continual_macro_BA_cluster_1_round_4": [0.946199480904709], "continual_macro_BA_cluster_2_round_4": [0.9473547909729929], "continual_macro_BA_cluster_3_round_4": [0.9580215419501134], "continual_macro_BA_cluster_0_round_5": [0.9680824762658228], "continual_macro_BA_cluster_1_round_5": [0.9687597330367075], "continual_macro_BA_cluster_2_round_5": [0.9753655997185645], "continual_macro_BA_cluster_3_round_5": [0.9664540816326531], "continual_macro_BA_cluster_0_round_6": [0.9749384359957212], "continual_macro_BA_cluster_1_round_6": [0.9770930663700408], "continual_macro_BA_cluster_2_round_6": [0.9873279098873592], "continual_macro_BA_cluster_3_round_6": [0.9781512605042018], "continual_macro_BA_cluster_0_round_7": [0.982515544214655], "continual_macro_BA_cluster_1_round_7": [0.9640322580645161], "continual_macro_BA_cluster_2_round_7": [0.9667717659895383], "continual_macro_BA_cluster_3_round_7": [0.9733051553954916]}