{"instant_average_accuracy": [0.6889900048004284, 0.658799038406523, 0.6469474145698234, 0.6524475869543501, 0.6725808600225585, 0.6715199653878756, 0.6518461663628041, 0.6466021707019404], "average_accuracy": 0.661216650900788, "instant_backward_transfer": ["NaN", -0.03351803857408142, -0.015530035036591283, 0.005748894544935508, 0.020133273068208363, -0.001060894634682813, -0.019673799025071576, -0.005243995660863698], "backward_transfer": -0.007020656474020988, "instant_forward_transfer": [0.012952276938977159, -0.02008849303056559, -0.0034368260757918767, "NaN", "NaN", "NaN", "NaN", "NaN"], "forward_transfer": -0.0035243473891267696, "frugality_score": 0.6611762585752499}