{"instant_average_accuracy": [0.965886104001555, 0.9503325333323457, 0.9550937470238097, 0.9445704546826088, 0.9517289496794965, 0.9629539974864241, 0.9574346336147392, 0.9593973707961359], "average_accuracy": 0.9559247238271393, "instant_backward_transfer": ["NaN", -0.004833569780319236, 0.008802582883847165, -0.003829739419787148, 0.007158494996887754, 0.011225047806927624, -0.005519363871684946, 0.00196273718139664], "backward_transfer": 0.0021380271138954077, "instant_forward_transfer": [-0.352526102321673, 0.11561461794019934, 0.23542750433506732, "NaN", "NaN", "NaN", "NaN", "NaN"], "forward_transfer": -0.000494660015468773, "frugality_score": 0.9558671264797365}