{"continual_macro_BA_cluster_0_round_0": [0.6640951643262216], "continual_macro_BA_cluster_1_round_0": [0.6889900048004284], "continual_macro_BA_cluster_2_round_0": [0.6605052324855184], "continual_macro_BA_cluster_3_round_0": [0.6490730432985585], "continual_macro_BA_cluster_0_round_1": [0.6242561229503943], "continual_macro_BA_cluster_1_round_1": [0.655471966226347], "continual_macro_BA_cluster_2_round_1": [0.6601672878002145], "continual_macro_BA_cluster_3_round_1": [0.662126110586699], "continual_macro_BA_cluster_0_round_2": [0.6208192968746025], "continual_macro_BA_cluster_1_round_2": [0.6398416236376958], "continual_macro_BA_cluster_2_round_2": [0.654304236969607], "continual_macro_BA_cluster_3_round_2": [0.6466963831021676], "continual_macro_BA_cluster_0_round_3": [0.6517014204731235], "continual_macro_BA_cluster_1_round_3": [0.6597230545167403], "continual_macro_BA_cluster_2_round_3": [0.6525047722122466], "continual_macro_BA_cluster_3_round_3": [0.6458611006152901], "continual_macro_BA_cluster_0_round_4": [0.6702545290728454], "continual_macro_BA_cluster_1_round_4": [0.6954016236491443], "continual_macro_BA_cluster_2_round_4": [0.6652408816405724], "continual_macro_BA_cluster_3_round_4": [0.6594264057276719], "continual_macro_BA_cluster_0_round_5": [0.6627391833244576], "continual_macro_BA_cluster_1_round_5": [0.6904368871049649], "continual_macro_BA_cluster_2_round_5": [0.6702045367497562], "continual_macro_BA_cluster_3_round_5": [0.662699254372324], "continual_macro_BA_cluster_0_round_6": [0.6427867713291346], "continual_macro_BA_cluster_1_round_6": [0.6609314645535813], "continual_macro_BA_cluster_2_round_6": [0.6567280731549703], "continual_macro_BA_cluster_3_round_6": [0.6469383564135301], "continual_macro_BA_cluster_0_round_7": [0.6485643629717777], "continual_macro_BA_cluster_1_round_7": [0.6515920735143945], "continual_macro_BA_cluster_2_round_7": [0.6511198996257497], "continual_macro_BA_cluster_3_round_7": [0.6351323466958397]}