{"continual_macro_BA_cluster_0_round_0": [0.903534966240032], "continual_macro_BA_cluster_1_round_0": [0.898961695170978], "continual_macro_BA_cluster_2_round_0": [0.8666690912696894], "continual_macro_BA_cluster_3_round_0": [0.794421914160401], "continual_macro_BA_cluster_0_round_1": [0.6847635965241107], "continual_macro_BA_cluster_1_round_1": [0.6851872877162202], "continual_macro_BA_cluster_2_round_1": [0.6842964653245324], "continual_macro_BA_cluster_3_round_1": [0.7562130590672982], "continual_macro_BA_cluster_0_round_2": [0.8556740947714261], "continual_macro_BA_cluster_1_round_2": [0.8174756493506493], "continual_macro_BA_cluster_2_round_2": [0.8847161236055229], "continual_macro_BA_cluster_3_round_2": [0.7766961067627342], "continual_macro_BA_cluster_0_round_3": [0.9479000078305654], "continual_macro_BA_cluster_1_round_3": [0.8788547339757017], "continual_macro_BA_cluster_2_round_3": [0.8925497515330527], "continual_macro_BA_cluster_3_round_3": [0.7947929740215924], "continual_macro_BA_cluster_0_round_4": [0.9301596059688417], "continual_macro_BA_cluster_1_round_4": [0.959451229835123], "continual_macro_BA_cluster_2_round_4": [0.8884104175394498], "continual_macro_BA_cluster_3_round_4": [0.8346204754675149], "continual_macro_BA_cluster_0_round_5": [0.7388463364776601], "continual_macro_BA_cluster_1_round_5": [0.7506212463728996], "continual_macro_BA_cluster_2_round_5": [0.7909626448819997], "continual_macro_BA_cluster_3_round_5": [0.8949209920437887], "continual_macro_BA_cluster_0_round_6": [0.8836973297315049], "continual_macro_BA_cluster_1_round_6": [0.8342857142857143], "continual_macro_BA_cluster_2_round_6": [0.9378565326263073], "continual_macro_BA_cluster_3_round_6": [0.8264771040673163], "continual_macro_BA_cluster_0_round_7": [0.969251318403834], "continual_macro_BA_cluster_1_round_7": [0.9092296816087139], "continual_macro_BA_cluster_2_round_7": [0.9169480041243188], "continual_macro_BA_cluster_3_round_7": [0.8111587201176017]}