{"instant_average_accuracy": [0.8794807201639722, 0.7452631036321125, 0.7307667404801462, 0.7480467746581977, 0.7676365217981636, 0.7483633847618245, 0.7541640608816486, 0.7594691453043555], "average_accuracy": 0.7666488064600525, "instant_backward_transfer": ["NaN", -0.14200986831477258, -0.013773392566400366, 0.01884180343171919, 0.01958974713996578, -0.019273137036339094, 0.005800676119824044, 0.0053050844227070515], "backward_transfer": -0.01793129811475657, "instant_forward_transfer": [0.0790606752905852, -0.1199203786529886, -0.014115878567763307, "NaN", "NaN", "NaN", "NaN", "NaN"], "forward_transfer": -0.018325193976722234, "frugality_score": 0.7666060095414773}