{"continual_macro_BA_cluster_0_round_0": [0.44304482556584723], "continual_macro_BA_cluster_1_round_0": [0.6979606970708194], "continual_macro_BA_cluster_2_round_0": [0.9705327413984461], "continual_macro_BA_cluster_3_round_0": [0.7483524659863945], "continual_macro_BA_cluster_0_round_1": [0.740703717123539], "continual_macro_BA_cluster_1_round_1": [0.9769781238413051], "continual_macro_BA_cluster_2_round_1": [0.9876810666211333], "continual_macro_BA_cluster_3_round_1": [0.7361204898626117], "continual_macro_BA_cluster_0_round_2": [0.9657076656935283], "continual_macro_BA_cluster_1_round_2": [0.9626881720430107], "continual_macro_BA_cluster_2_round_2": [0.9782133024287132], "continual_macro_BA_cluster_3_round_2": [0.971781420901694], "continual_macro_BA_cluster_0_round_3": [0.9628277604617993], "continual_macro_BA_cluster_1_round_3": [0.9685261401557286], "continual_macro_BA_cluster_2_round_3": [0.9685189457310268], "continual_macro_BA_cluster_3_round_3": [0.965251100440176], "continual_macro_BA_cluster_0_round_4": [0.9364726429855257], "continual_macro_BA_cluster_1_round_4": [0.9686874304783093], "continual_macro_BA_cluster_2_round_4": [0.9913378812291368], "continual_macro_BA_cluster_3_round_4": [0.9688788015206082], "continual_macro_BA_cluster_0_round_5": [0.9458192709391469], "continual_macro_BA_cluster_1_round_5": [0.9570114942528736], "continual_macro_BA_cluster_2_round_5": [0.9763550592086261], "continual_macro_BA_cluster_3_round_5": [0.9610091953448046], "continual_macro_BA_cluster_0_round_6": [0.9788615540664505], "continual_macro_BA_cluster_1_round_6": [0.9664182424916574], "continual_macro_BA_cluster_2_round_6": [0.9551053475770693], "continual_macro_BA_cluster_3_round_6": [0.9632238311991463], "continual_macro_BA_cluster_0_round_7": [0.978609294214655], "continual_macro_BA_cluster_1_round_7": [0.9672543566926214], "continual_macro_BA_cluster_2_round_7": [0.9698626215764384], "continual_macro_BA_cluster_3_round_7": [0.97218908396692]}