{"continual_macro_BA_cluster_0_round_0": [0.5], "continual_macro_BA_cluster_1_round_0": [0.9935064935064934], "continual_macro_BA_cluster_2_round_0": [0.5], "continual_macro_BA_cluster_3_round_0": [0.5], "continual_macro_BA_cluster_0_round_1": [0.49642857142857144], "continual_macro_BA_cluster_1_round_1": [0.525974025974026], "continual_macro_BA_cluster_2_round_1": [0.5007653865201926], "continual_macro_BA_cluster_3_round_1": [0.9], "continual_macro_BA_cluster_0_round_2": [0.6861607142857142], "continual_macro_BA_cluster_1_round_2": [0.4818537626756805], "continual_macro_BA_cluster_2_round_2": [0.5048624555400477], "continual_macro_BA_cluster_3_round_2": [0.6468298109010011], "continual_macro_BA_cluster_0_round_3": [0.5625], "continual_macro_BA_cluster_1_round_3": [0.6590909090909091], "continual_macro_BA_cluster_2_round_3": [0.5680068434559453], "continual_macro_BA_cluster_3_round_3": [0.5250278086763069], "continual_macro_BA_cluster_0_round_4": [0.5227678571428571], "continual_macro_BA_cluster_1_round_4": [0.6948051948051948], "continual_macro_BA_cluster_2_round_4": [0.5569312502813921], "continual_macro_BA_cluster_3_round_4": [0.510678531701891], "continual_macro_BA_cluster_0_round_5": [0.49375], "continual_macro_BA_cluster_1_round_5": [0.685064935064935], "continual_macro_BA_cluster_2_round_5": [0.5033316824996623], "continual_macro_BA_cluster_3_round_5": [0.5967741935483871], "continual_macro_BA_cluster_0_round_6": [0.5330357142857143], "continual_macro_BA_cluster_1_round_6": [0.75], "continual_macro_BA_cluster_2_round_6": [0.5402953491513214], "continual_macro_BA_cluster_3_round_6": [0.5637374860956619], "continual_macro_BA_cluster_0_round_7": [0.503125], "continual_macro_BA_cluster_1_round_7": [0.7597402597402597], "continual_macro_BA_cluster_2_round_7": [0.544054747647562], "continual_macro_BA_cluster_3_round_7": [0.5085650723025583]}