{"instant_average_accuracy": [0.964434816016392, 0.8074204217124548, 0.7227130489247497, 0.7087889548792292, 0.712600764997581, 0.6884471834210281, 0.7132791803562999, 0.7195472143513613], "average_accuracy": 0.754653948082387, "instant_backward_transfer": ["NaN", -0.26789393551324736, -0.19604667310288865, -0.08756500119817805, 0.003811810118351855, -0.02415358157655295, 0.0248319969352718, 0.006268033995061401], "backward_transfer": -0.07724962147745455, "instant_forward_transfer": [-0.06031452809873383, 0.0008876661129568197, 0.19754568494064295, "NaN", "NaN", "NaN", "NaN", "NaN"], "forward_transfer": 0.04603960765162198, "frugality_score": 0.7546228567544995}