{"continual_macro_BA_cluster_0_round_0": [0.47582219981280083], "continual_macro_BA_cluster_1_round_0": [0.76747311827957], "continual_macro_BA_cluster_2_round_0": [0.9861597830621611], "continual_macro_BA_cluster_3_round_0": [0.680844004268374], "continual_macro_BA_cluster_0_round_1": [0.6677455456632199], "continual_macro_BA_cluster_1_round_1": [0.9724193548387097], "continual_macro_BA_cluster_2_round_1": [0.9652690863579474], "continual_macro_BA_cluster_3_round_1": [0.637936841403228], "continual_macro_BA_cluster_0_round_2": [0.9755539302750562], "continual_macro_BA_cluster_1_round_2": [0.9818168335187245], "continual_macro_BA_cluster_2_round_2": [0.9314428019300856], "continual_macro_BA_cluster_3_round_2": [0.9254735227424303], "continual_macro_BA_cluster_0_round_3": [0.9803203628045873], "continual_macro_BA_cluster_1_round_3": [0.9538635520949204], "continual_macro_BA_cluster_2_round_3": [0.9636781553865408], "continual_macro_BA_cluster_3_round_3": [0.9729785664265705], "continual_macro_BA_cluster_0_round_4": [0.9806912093235747], "continual_macro_BA_cluster_1_round_4": [0.96697070819429], "continual_macro_BA_cluster_2_round_4": [0.9861204711016976], "continual_macro_BA_cluster_3_round_4": [0.9812954348406029], "continual_macro_BA_cluster_0_round_5": [0.977180286004739], "continual_macro_BA_cluster_1_round_5": [0.9744215795328142], "continual_macro_BA_cluster_2_round_5": [0.978462313499034], "continual_macro_BA_cluster_3_round_5": [0.9794150993730826], "continual_macro_BA_cluster_0_round_6": [0.9761070377963986], "continual_macro_BA_cluster_1_round_6": [0.9608064516129032], "continual_macro_BA_cluster_2_round_6": [0.9751797118192613], "continual_macro_BA_cluster_3_round_6": [0.9830811491263172], "continual_macro_BA_cluster_0_round_7": [0.9930722598673436], "continual_macro_BA_cluster_1_round_7": [0.9681998516870598], "continual_macro_BA_cluster_2_round_7": [0.9787258111100414], "continual_macro_BA_cluster_3_round_7": [0.9781077014138989]}