{"continual_macro_BA_cluster_0_round_0": [0.6607147286104031], "continual_macro_BA_cluster_1_round_0": [0.6854705780189243], "continual_macro_BA_cluster_2_round_0": [0.651340729439976], "continual_macro_BA_cluster_3_round_0": [0.6288308766291636], "continual_macro_BA_cluster_0_round_1": [0.5637530037288886], "continual_macro_BA_cluster_1_round_1": [0.5938789525562771], "continual_macro_BA_cluster_2_round_1": [0.5945818453798835], "continual_macro_BA_cluster_3_round_1": [0.6014781513380694], "continual_macro_BA_cluster_0_round_2": [0.6157755012672417], "continual_macro_BA_cluster_1_round_2": [0.6365261102715309], "continual_macro_BA_cluster_2_round_2": [0.6520386560770309], "continual_macro_BA_cluster_3_round_2": [0.6380005328997385], "continual_macro_BA_cluster_0_round_3": [0.6702874414584514], "continual_macro_BA_cluster_1_round_3": [0.6953578863925121], "continual_macro_BA_cluster_2_round_3": [0.6725717599429946], "continual_macro_BA_cluster_3_round_3": [0.6373148443950951], "continual_macro_BA_cluster_0_round_4": [0.6733540903357951], "continual_macro_BA_cluster_1_round_4": [0.6983036885464828], "continual_macro_BA_cluster_2_round_4": [0.6711087585104715], "continual_macro_BA_cluster_3_round_4": [0.648012650798804], "continual_macro_BA_cluster_0_round_5": [0.6484150142228524], "continual_macro_BA_cluster_1_round_5": [0.6714232586022606], "continual_macro_BA_cluster_2_round_5": [0.6739955313497721], "continual_macro_BA_cluster_3_round_5": [0.6631908475606652], "continual_macro_BA_cluster_0_round_6": [0.6592950513669548], "continual_macro_BA_cluster_1_round_6": [0.6755186444760446], "continual_macro_BA_cluster_2_round_6": [0.6692079207469717], "continual_macro_BA_cluster_3_round_6": [0.668587612900175], "continual_macro_BA_cluster_0_round_7": [0.668098547553363], "continual_macro_BA_cluster_1_round_7": [0.6946303937317524], "continual_macro_BA_cluster_2_round_7": [0.6683934153626376], "continual_macro_BA_cluster_3_round_7": [0.6477088354276475]}