{"instant_average_accuracy": [0.9626845756982743, 0.9702715850440873, 0.9712475355111008, 0.9561652718488527, 0.9571390299070246, 0.9632736915887246, 0.9684644242561994, 0.9733613700610382], "average_accuracy": 0.9653259354894128, "instant_backward_transfer": ["NaN", 0.014232342999466407, 0.0026711467939925515, -0.011729767856343054, 0.0009737580581718752, 0.006134661681699932, 0.005190732667474829, 0.004896945804838848], "backward_transfer": 0.0031956885927573414, "instant_forward_transfer": [-0.4488156480264191, -0.03905215884021426, 0.07595335644500467, "NaN", "NaN", "NaN", "NaN", "NaN"], "forward_transfer": -0.13730481680720955, "frugality_score": 0.9652569397302152}