{"instant_average_accuracy": [0.974089860753615, 0.9665461490281675, 0.9700492424341768, 0.9789083466442847, 0.9543061477715572, 0.9696654726634371, 0.9793776681893307, 0.9716561809160502], "average_accuracy": 0.9705748835500775, "instant_backward_transfer": ["NaN", -0.0015778370762196126, 8.432903933763836e-06, 0.009947356168322541, -0.024602198872727632, 0.015359324891879772, 0.009712195525893752, -0.007721487273280481], "backward_transfer": 0.0001608266096860148, "instant_forward_transfer": [-0.22504280933276288, 0.08445708086155357, 0.14873553588101918, "NaN", "NaN", "NaN", "NaN", "NaN"], "forward_transfer": 0.0027166024699366207, "frugality_score": 0.9701819391755908}