{"instant_average_accuracy": [0.92952703352824, 0.7881329747860314, 0.8884827519355604, 0.8853294179491737, 0.8880921075257533, 0.8057055577847598, 0.8987128868001915, 0.9006252663141567], "average_accuracy": 0.8730759995779833, "instant_backward_transfer": ["NaN", -0.2068835983790267, 0.06816036457550861, -0.02902433404719666, 0.0027626895765795745, -0.08238654974099346, 0.09300732901543163, 0.0019123795139652788], "backward_transfer": -0.021778817069390246, "instant_forward_transfer": [-0.024845157276093748, -0.12614175593704108, 0.15818731178744738, "NaN", "NaN", "NaN", "NaN", "NaN"], "forward_transfer": 0.002400132858104189, "frugality_score": 0.8730117537147465}