{"instant_average_accuracy": [0.9796299590820139, 0.9690954180444025, 0.9753458859748955, 0.9618840529049972, 0.9802414452108601, 0.9535549718585017, 0.9720069843103492, 0.976160568470412], "average_accuracy": 0.9709899107320541, "instant_backward_transfer": ["NaN", -0.01730119195872626, 0.001066268060797737, -0.012637816455414433, 0.018357392305862863, -0.026686473352358353, 0.018452012451847438, 0.004153584160062868], "backward_transfer": -0.0020851749697040197, "instant_forward_transfer": [-0.5029373711992076, -0.007498818153167358, 0.008351717617396781, "NaN", "NaN", "NaN", "NaN", "NaN"], "forward_transfer": -0.16736149057832606, "frugality_score": 0.9705949992693582}