{"continual_macro_BA_cluster_0_round_0": [0.5638392857142858], "continual_macro_BA_cluster_1_round_0": [0.9796299590820139], "continual_macro_BA_cluster_2_round_0": [0.36623744991220564], "continual_macro_BA_cluster_3_round_0": [0.5], "continual_macro_BA_cluster_0_round_1": [0.540625], "continual_macro_BA_cluster_1_round_1": [0.9623287671232876], "continual_macro_BA_cluster_2_round_1": [0.37445409932015666], "continual_macro_BA_cluster_3_round_1": [0.9758620689655173], "continual_macro_BA_cluster_0_round_2": [0.9857142857142858], "continual_macro_BA_cluster_1_round_2": [0.9702455079167408], "continual_macro_BA_cluster_2_round_2": [0.38280581693755344], "continual_macro_BA_cluster_3_round_2": [0.9700778642936596], "continual_macro_BA_cluster_0_round_3": [0.9446428571428571], "continual_macro_BA_cluster_1_round_3": [0.972958548301014], "continual_macro_BA_cluster_2_round_3": [0.9594120030615461], "continual_macro_BA_cluster_3_round_3": [0.9705228031145717], "continual_macro_BA_cluster_0_round_4": [0.9741071428571428], "continual_macro_BA_cluster_1_round_4": [0.9897260273972603], "continual_macro_BA_cluster_2_round_4": [0.9812705416235199], "continual_macro_BA_cluster_3_round_4": [0.9758620689655173], "continual_macro_BA_cluster_0_round_5": [0.9625], "continual_macro_BA_cluster_1_round_5": [0.9726027397260274], "continual_macro_BA_cluster_2_round_5": [0.9210526315789473], "continual_macro_BA_cluster_3_round_5": [0.9580645161290322], "continual_macro_BA_cluster_0_round_6": [0.9861607142857143], "continual_macro_BA_cluster_1_round_6": [0.974025974025974], "continual_macro_BA_cluster_2_round_6": [0.9573184458151367], "continual_macro_BA_cluster_3_round_6": [0.9705228031145717], "continual_macro_BA_cluster_0_round_7": [0.971875], "continual_macro_BA_cluster_1_round_7": [0.9657534246575342], "continual_macro_BA_cluster_2_round_7": [0.9872585655756156], "continual_macro_BA_cluster_3_round_7": [0.9797552836484983]}