{"instant_average_accuracy": [0.9760246692012815, 0.8717204301075269, 0.7484132560695711, 0.8322794387092638, 0.7804172240474359, 0.7860848232427862, 0.7518704060332615, 0.7565551772778247], "average_accuracy": 0.812920678086119, "instant_backward_transfer": ["NaN", -0.2260246692012815, -0.24557941924260673, 0.040155874160894466, -0.051862214661827916, 0.005667599195350259, -0.0342144172095247, 0.004684771244563235], "backward_transfer": -0.07245321081634756, "instant_forward_transfer": [-0.12536488623037687, 0.0071428571428571175, 0.24019607843137258, "NaN", "NaN", "NaN", "NaN", "NaN"], "forward_transfer": 0.040658016447950945, "frugality_score": 0.8128836051225656}