{"instant_average_accuracy": [0.9696679184870429, 0.8683586228765781, 0.9032358923585967, 0.9063780565056874, 0.9122566496217015, 0.8718016824304607, 0.8962617314300354, 0.9109770896752487], "average_accuracy": 0.904867205423169, "instant_backward_transfer": ["NaN", -0.18220905976641721, 0.008398122635206395, -0.009918752064507578, 0.005878593116013964, -0.04045496719124067, 0.024460048999574602, 0.014715358245213361], "backward_transfer": -0.02559009371802245, "instant_forward_transfer": [-0.020848716328358458, -0.11168390372309372, 0.10979039896174303, "NaN", "NaN", "NaN", "NaN", "NaN"], "forward_transfer": -0.007580740363236388, "frugality_score": 0.9038271679379908}