{"instant_average_accuracy": [0.987012987012987, 0.960013250802103, 0.9190880255671615, 0.9045799855130673, 0.8977153228750085, 0.9332348093556393, 0.9260810463439322, 0.9206466134219613], "average_accuracy": 0.9310465051114825, "instant_backward_transfer": ["NaN", -0.05319338196050516, -0.07111335530850371, -0.04255531305349788, -0.006864662638058711, 0.035519486480630746, -0.007153763011707087, -0.005434432921970739], "backward_transfer": -0.021542203201944648, "instant_forward_transfer": [-0.43570176903463054, -0.017705472513619397, 0.06690378641213823, "NaN", "NaN", "NaN", "NaN", "NaN"], "forward_transfer": -0.12883448504537057, "frugality_score": 0.9307652082789987}