{"instant_average_accuracy": [0.7420277856997105, 0.7180539580263112, 0.627211140710393, 0.5, 0.5, 0.5, 0.5, 0.5], "average_accuracy": 0.5734116105545519, "instant_backward_transfer": ["NaN", -0.03325209063336909, -0.08878568289295485, -0.127211140710393, 0.0, 0.0, 0.0, 0.0], "backward_transfer": -0.03560698774810242, "instant_forward_transfer": [0.08659226190476192, -0.0017766299833886778, -0.010469396091770111, "NaN", "NaN", "NaN", "NaN", "NaN"], "forward_transfer": 0.02478207860986771, "frugality_score": 0.5733808299441451}