{"instant_average_accuracy": [0.9861597830621611, 0.9688442205983285, 0.9629378552412887, 0.9677101591781547, 0.9787694558650413, 0.9773698196024174, 0.97379358758872, 0.979526406019586], "average_accuracy": 0.9743889108944623, "instant_backward_transfer": ["NaN", -0.02089069670421373, -0.012214402873923502, 0.0030161681873940673, 0.011059296686886544, -0.001399636262623849, -0.0035762320136973613, 0.005732818430865844], "backward_transfer": -0.0026103835070445695, "instant_forward_transfer": [-0.33841349686918587, 0.07450809149263654, 0.2875366813392023, "NaN", "NaN", "NaN", "NaN", "NaN"], "forward_transfer": 0.007877091987550988, "frugality_score": 0.973673764710714}