{"instant_average_accuracy": [0.9668208503824942, 0.7353726362625139, 0.6623511904761905, 0.6048973481608212, 0.615582191780822, 0.6206896551724138, 0.6205357142857143, 0.6045146549007249], "average_accuracy": 0.6788455301777119, "instant_backward_transfer": ["NaN", -0.4668208503824942, -0.23537263626251392, -0.16235119047619048, 0.010684843620000717, 0.005107463391591904, -0.00015394088669951067, -0.016021059384989433], "backward_transfer": -0.12356105291161357, "instant_forward_transfer": [-0.13935287320096648, 0.0, 0.0, "NaN", "NaN", "NaN", "NaN", "NaN"], "forward_transfer": -0.04645095773365549, "frugality_score": 0.6787948477725478}