{"continual_macro_BA_cluster_0_round_0": [0.907454980996266], "continual_macro_BA_cluster_1_round_0": [0.92952703352824], "continual_macro_BA_cluster_2_round_0": [0.8584897314338842], "continual_macro_BA_cluster_3_round_0": [0.8356857347696164], "continual_macro_BA_cluster_0_round_1": [0.7279724853258237], "continual_macro_BA_cluster_1_round_1": [0.7226434351492133], "continual_macro_BA_cluster_2_round_1": [0.7856887152302443], "continual_macro_BA_cluster_3_round_1": [0.8536225144228495], "continual_macro_BA_cluster_0_round_2": [0.8861597971132711], "continual_macro_BA_cluster_1_round_2": [0.8590939083355728], "continual_macro_BA_cluster_2_round_2": [0.9528615770836013], "continual_macro_BA_cluster_3_round_2": [0.8534927703875073], "continual_macro_BA_cluster_0_round_3": [0.9629424181316038], "continual_macro_BA_cluster_1_round_3": [0.8959141779879107], "continual_macro_BA_cluster_2_round_3": [0.8841794702212331], "continual_macro_BA_cluster_3_round_3": [0.7982816054559475], "continual_macro_BA_cluster_0_round_4": [0.9004632796438088], "continual_macro_BA_cluster_1_round_4": [0.9623966204551988], "continual_macro_BA_cluster_2_round_4": [0.8533756979238053], "continual_macro_BA_cluster_3_round_4": [0.8361328320802005], "continual_macro_BA_cluster_0_round_5": [0.7407622290738648], "continual_macro_BA_cluster_1_round_5": [0.7394161493128192], "continual_macro_BA_cluster_2_round_5": [0.8106184236134706], "continual_macro_BA_cluster_3_round_5": [0.932025429138885], "continual_macro_BA_cluster_0_round_6": [0.8846691713643484], "continual_macro_BA_cluster_1_round_6": [0.8653274308257026], "continual_macro_BA_cluster_2_round_6": [0.9799928564620575], "continual_macro_BA_cluster_3_round_6": [0.8648620885486575], "continual_macro_BA_cluster_0_round_7": [0.9800980018662684], "continual_macro_BA_cluster_1_round_7": [0.9263351462285794], "continual_macro_BA_cluster_2_round_7": [0.8972249563944765], "continual_macro_BA_cluster_3_round_7": [0.7988429607673029]}