{"instant_average_accuracy": [0.9714451098944157, 0.8551791862507458, 0.8977018586120682, 0.903180437556201, 0.9057883477439259, 0.8346764912700699, 0.9027540851675229, 0.9104308485214031], "average_accuracy": 0.897644545627044, "instant_backward_transfer": ["NaN", -0.22779669079602527, 0.006772996797289266, -0.018130367288253384, 0.0026079101877249933, -0.0711118564738561, 0.06807759389745294, 0.007676763353880234], "backward_transfer": -0.033129092903112466, "instant_forward_transfer": [-0.024429278380458313, -0.11499519862190843, 0.129114104641336, "NaN", "NaN", "NaN", "NaN", "NaN"], "forward_transfer": -0.0034367907870102485, "frugality_score": 0.8969396397912308}