{"continual_macro_BA_cluster_0_round_0": [0.46044303797468356], "continual_macro_BA_cluster_1_round_0": [0.735], "continual_macro_BA_cluster_2_round_0": [0.9547632260451351], "continual_macro_BA_cluster_3_round_0": [0.6889639189008937], "continual_macro_BA_cluster_0_round_1": [0.7157440903609025], "continual_macro_BA_cluster_1_round_1": [0.9700926955876901], "continual_macro_BA_cluster_2_round_1": [0.9771445075575239], "continual_macro_BA_cluster_3_round_1": [0.7333716820061358], "continual_macro_BA_cluster_0_round_2": [0.9732300559317044], "continual_macro_BA_cluster_1_round_2": [0.9833185020393029], "continual_macro_BA_cluster_2_round_2": [0.9740529556478738], "continual_macro_BA_cluster_3_round_2": [0.9504599756569294], "continual_macro_BA_cluster_0_round_3": [0.9783320197346872], "continual_macro_BA_cluster_1_round_3": [0.972035595105673], "continual_macro_BA_cluster_2_round_3": [0.9807388953172598], "continual_macro_BA_cluster_3_round_3": [0.9730975723622783], "continual_macro_BA_cluster_0_round_4": [0.9835290941909183], "continual_macro_BA_cluster_1_round_4": [0.9798739340007415], "continual_macro_BA_cluster_2_round_4": [0.9611177160856005], "continual_macro_BA_cluster_3_round_4": [0.9726607309590503], "continual_macro_BA_cluster_0_round_5": [0.9736164262584633], "continual_macro_BA_cluster_1_round_5": [0.9693566926214312], "continual_macro_BA_cluster_2_round_5": [0.9748334274882791], "continual_macro_BA_cluster_3_round_5": [0.9637571695344804], "continual_macro_BA_cluster_0_round_6": [0.9801367575392745], "continual_macro_BA_cluster_1_round_6": [0.9661920652576937], "continual_macro_BA_cluster_2_round_6": [0.9824126130086411], "continual_macro_BA_cluster_3_round_6": [0.9762234060290783], "continual_macro_BA_cluster_0_round_7": [0.9809434691753701], "continual_macro_BA_cluster_1_round_7": [0.9674675565443085], "continual_macro_BA_cluster_2_round_7": [0.9841832557993089], "continual_macro_BA_cluster_3_round_7": [0.9691743364012271]}