{"instant_average_accuracy": [0.9835080395794682, 0.8524137471654265, 0.9135053176168147, 0.8959817707036166, 0.9025479778062359, 0.871512424784972, 0.8979098383809229, 0.9072938500057577], "average_accuracy": 0.9030841207554018, "instant_backward_transfer": ["NaN", -0.2393620248911177, 0.0288119332601387, -0.013785733548022852, 0.006566207102619348, -0.03103555302126393, 0.026397413595950797, 0.009384011624834987], "backward_transfer": -0.030431963696694375, "instant_forward_transfer": [-0.020439678510990673, -0.14372745528689201, 0.1333751764932689, "NaN", "NaN", "NaN", "NaN", "NaN"], "forward_transfer": -0.010263985768204595, "frugality_score": 0.9030392034201243}