{"instant_average_accuracy": [0.9736701654509874, 0.9629447532978093, 0.9652215796004272, 0.9511532420807336, 0.9382926042498712, 0.9438289927414023, 0.9517789355755253, 0.9538349350748146], "average_accuracy": 0.9550906510089463, "instant_backward_transfer": ["NaN", -0.01441024728695961, -0.00372845532574001, -0.026591191663208558, -0.012860637830862442, 0.005536388491531291, 0.007949942834122897, 0.002055999499289446], "backward_transfer": -0.006006885897403855, "instant_forward_transfer": [-0.5079743502532182, 0.02659774436090226, -0.003759398496240629, "NaN", "NaN", "NaN", "NaN", "NaN"], "forward_transfer": -0.16171200146285222, "frugality_score": 0.9541060119735404}