{"instant_average_accuracy": [0.9688834858280155, 0.761797663561804, 0.6552539786524457, 0.6219776125568905, 0.5946514215615477, 0.5600136167456087, 0.5469836890760551, 0.5495805645918134], "average_accuracy": 0.6573927540717724, "instant_backward_transfer": ["NaN", -0.3093556410922458, -0.07787274016032047, -0.02892863094198217, -0.027326190995342836, -0.03463780481593909, -0.013029927669553548, 0.002596875515758268], "backward_transfer": -0.0697934371656608, "instant_forward_transfer": [0.13111536488785883, -0.06834927143593134, 0.06799532312925172, "NaN", "NaN", "NaN", "NaN", "NaN"], "forward_transfer": 0.04358713886039307, "frugality_score": 0.6573636001494289}