{"continual_macro_BA_cluster_0_round_0": [0.4660714285714286], "continual_macro_BA_cluster_1_round_0": [0.987012987012987], "continual_macro_BA_cluster_2_round_0": [0.4952275899329161], "continual_macro_BA_cluster_3_round_0": [0.4967741935483871], "continual_macro_BA_cluster_0_round_1": [0.4714285714285714], "continual_macro_BA_cluster_1_round_1": [0.9338196050524818], "continual_macro_BA_cluster_2_round_1": [0.45445950204853447], "continual_macro_BA_cluster_3_round_1": [0.9862068965517241], "continual_macro_BA_cluster_0_round_2": [0.9794642857142857], "continual_macro_BA_cluster_1_round_2": [0.8277441736345845], "continual_macro_BA_cluster_2_round_2": [0.5213632884606727], "continual_macro_BA_cluster_3_round_2": [0.950055617352614], "continual_macro_BA_cluster_0_round_3": [0.9674107142857142], "continual_macro_BA_cluster_1_round_3": [0.7597402597402597], "continual_macro_BA_cluster_2_round_3": [0.9887218045112782], "continual_macro_BA_cluster_3_round_3": [0.9024471635150166], "continual_macro_BA_cluster_0_round_4": [0.9223214285714285], "continual_macro_BA_cluster_1_round_4": [0.9835883294787404], "continual_macro_BA_cluster_2_round_4": [0.8571428571428572], "continual_macro_BA_cluster_3_round_4": [0.8278086763070078], "continual_macro_BA_cluster_0_round_5": [0.8691964285714285], "continual_macro_BA_cluster_1_round_5": [0.9428482476427682], "continual_macro_BA_cluster_2_round_5": [0.9473684210526316], "continual_macro_BA_cluster_3_round_5": [0.9735261401557286], "continual_macro_BA_cluster_0_round_6": [0.9678571428571429], "continual_macro_BA_cluster_1_round_6": [0.914161181284469], "continual_macro_BA_cluster_2_round_6": [0.8932736031696007], "continual_macro_BA_cluster_3_round_6": [0.9290322580645161], "continual_macro_BA_cluster_0_round_7": [0.9428571428571428], "continual_macro_BA_cluster_1_round_7": [0.9174079345312223], "continual_macro_BA_cluster_2_round_7": [0.9135338345864661], "continual_macro_BA_cluster_3_round_7": [0.9087875417130145]}