{"instant_average_accuracy": [0.9547632260451351, 0.9736186015726069, 0.9768671712062936, 0.9760510206299746, 0.9742953688090776, 0.9703909289756635, 0.976241210458672, 0.9754421544800537], "average_accuracy": 0.9722087102721847, "instant_backward_transfer": ["NaN", 0.02238128151238883, 0.005067127270981353, 0.0001683321795796037, -0.0017556518208969307, -0.003904439833414125, 0.005850281483008424, -0.0007990559786182905], "backward_transfer": 0.0038582678304326947, "instant_forward_transfer": [-0.3443928017484428, 0.1498544077457305, 0.21708829365079363, "NaN", "NaN", "NaN", "NaN", "NaN"], "forward_transfer": 0.007516633216027117, "frugality_score": 0.9721337897738208}