{"instant_average_accuracy": [0.956758054486347, 0.8539087857336379, 0.8837827487722176, 0.9029175497283627, 0.8905344493489956, 0.90887922810386, 0.9480942854281835, 0.9333159470577237], "average_accuracy": 0.9097738810824161, "instant_backward_transfer": ["NaN", -0.15130607441692057, 0.013620709727870328, 0.03608148497702154, -0.012383100379367018, 0.018344778754864288, 0.03921505732432365, -0.01477833837045986], "backward_transfer": -0.010172211768952518, "instant_forward_transfer": [-0.30520734384647724, 0.029925603161683634, 0.23618780845671616, "NaN", "NaN", "NaN", "NaN", "NaN"], "forward_transfer": -0.013031310742692481, "frugality_score": 0.9096566502554915}