{"instant_average_accuracy": [0.6854705780189243, 0.5976785519471732, 0.6421884330827669, 0.6688829830472633, 0.6726947970478883, 0.6642561629338876, 0.6681523073725365, 0.6697077980188502], "average_accuracy": 0.6586289514336612, "instant_backward_transfer": ["NaN", -0.09159162546264721, 0.03958476963846147, 0.026226397160767134, 0.0038118140006250523, -0.008438634114000781, 0.0038961444386489408, 0.0015554906463136065], "backward_transfer": -0.0035650919559759692, "instant_forward_transfer": [-0.014438154554701765, -0.07686030447080355, 0.052022497538353085, "NaN", "NaN", "NaN", "NaN", "NaN"], "forward_transfer": -0.013091987162384078, "frugality_score": 0.6584168395451517}