{"instant_average_accuracy": [0.9650266686515636, 0.8892951987471325, 0.9057399127081812, 0.898295446641184, 0.9075847018898208, 0.8756510397211681, 0.8877614748306936, 0.9014062550636041], "average_accuracy": 0.9038450872816683, "instant_backward_transfer": ["NaN", -0.11914532745188111, 0.002539810427757083, -0.00977090189604705, 0.00928925524863694, -0.031933662168652704, 0.012110435109525336, 0.01364478023291063], "backward_transfer": -0.017609372928250124, "instant_forward_transfer": [-0.026941274026919593, -0.06146846434413861, 0.05773642627325226, "NaN", "NaN", "NaN", "NaN", "NaN"], "forward_transfer": -0.010224437365935313, "frugality_score": 0.9037379400468584}