{"continual_macro_BA_cluster_0_round_0": [0.9164308616043879], "continual_macro_BA_cluster_1_round_0": [0.9794908705270757], "continual_macro_BA_cluster_2_round_0": [0.8766278779645366], "continual_macro_BA_cluster_3_round_0": [0.8366623590225564], "continual_macro_BA_cluster_0_round_1": [0.8565852500632012], "continual_macro_BA_cluster_1_round_1": [0.9064310174550059], "continual_macro_BA_cluster_2_round_1": [0.873560811088967], "continual_macro_BA_cluster_3_round_1": [0.8918055113745903], "continual_macro_BA_cluster_0_round_2": [0.8558301079379989], "continual_macro_BA_cluster_1_round_2": [0.8848766632517222], "continual_macro_BA_cluster_2_round_2": [0.9146851817643029], "continual_macro_BA_cluster_3_round_2": [0.8981441885964913], "continual_macro_BA_cluster_0_round_3": [0.8896630933705219], "continual_macro_BA_cluster_1_round_3": [0.9081701413636101], "continual_macro_BA_cluster_2_round_3": [0.9083744968095997], "continual_macro_BA_cluster_3_round_3": [0.8798945380277617], "continual_macro_BA_cluster_0_round_4": [0.8877701560137853], "continual_macro_BA_cluster_1_round_4": [0.9243664668030402], "continual_macro_BA_cluster_2_round_4": [0.9024467434605865], "continual_macro_BA_cluster_3_round_4": [0.880416775110854], "continual_macro_BA_cluster_0_round_5": [0.8529478563369066], "continual_macro_BA_cluster_1_round_5": [0.8883652819665164], "continual_macro_BA_cluster_2_round_5": [0.9192562474778629], "continual_macro_BA_cluster_3_round_5": [0.8980287798823983], "continual_macro_BA_cluster_0_round_6": [0.8427375192205135], "continual_macro_BA_cluster_1_round_6": [0.875094418537802], "continual_macro_BA_cluster_2_round_6": [0.937476623538063], "continual_macro_BA_cluster_3_round_6": [0.9044303125602468], "continual_macro_BA_cluster_0_round_7": [0.9184483205885725], "continual_macro_BA_cluster_1_round_7": [0.923738262689481], "continual_macro_BA_cluster_2_round_7": [0.9230070342083992], "continual_macro_BA_cluster_3_round_7": [0.8572998963755543]}