{"instant_average_accuracy": [0.9657534246575342, 0.6174555669694866, 0.5, 0.5, 0.5, 0.5, 0.5, 0.5], "average_accuracy": 0.5729011239533777, "instant_backward_transfer": ["NaN", -0.42439067781533535, -0.11745556696948656, 0.0, 0.0, 0.0, 0.0, 0.0], "backward_transfer": -0.0774066063978317, "instant_forward_transfer": [0.0, 0.0, 0.0, "NaN", "NaN", "NaN", "NaN", "NaN"], "forward_transfer": 0.0, "frugality_score": 0.5727548383427493}