{"continual_macro_BA_cluster_0_round_0": [0.918199620702069], "continual_macro_BA_cluster_1_round_0": [0.9714451098944157], "continual_macro_BA_cluster_2_round_0": [0.8777549224968579], "continual_macro_BA_cluster_3_round_0": [0.83803413582032], "continual_macro_BA_cluster_0_round_1": [0.7418606704364706], "continual_macro_BA_cluster_1_round_1": [0.7436484190983904], "continual_macro_BA_cluster_2_round_1": [0.8241034755186394], "continual_macro_BA_cluster_3_round_1": [0.9667099534031014], "continual_macro_BA_cluster_0_round_2": [0.8709747750778066], "continual_macro_BA_cluster_1_round_2": [0.8655106407176751], "continual_macro_BA_cluster_2_round_2": [0.9692012097401344], "continual_macro_BA_cluster_3_round_2": [0.8583937253783952], "continual_macro_BA_cluster_0_round_3": [0.9740072762533596], "continual_macro_BA_cluster_1_round_3": [0.9247682262054382], "continual_macro_BA_cluster_2_round_3": [0.89778428034746], "continual_macro_BA_cluster_3_round_3": [0.8161619674185463], "continual_macro_BA_cluster_0_round_4": [0.9298933748832798], "continual_macro_BA_cluster_1_round_4": [0.9831842645513521], "continual_macro_BA_cluster_2_round_4": [0.8857697160195761], "continual_macro_BA_cluster_3_round_4": [0.8243060355214961], "continual_macro_BA_cluster_0_round_5": [0.7642349749969132], "continual_macro_BA_cluster_1_round_5": [0.7734597415962133], "continual_macro_BA_cluster_2_round_5": [0.8456962758687422], "continual_macro_BA_cluster_3_round_5": [0.955314972618411], "continual_macro_BA_cluster_0_round_6": [0.8820890480450065], "continual_macro_BA_cluster_1_round_6": [0.8614342694555828], "continual_macro_BA_cluster_2_round_6": [0.9806566353248907], "continual_macro_BA_cluster_3_round_6": [0.8868363878446115], "continual_macro_BA_cluster_0_round_7": [0.9862980483603756], "continual_macro_BA_cluster_1_round_7": [0.9344468799249905], "continual_macro_BA_cluster_2_round_7": [0.9078075035388234], "continual_macro_BA_cluster_3_round_7": [0.8131709622614228]}