{"instant_average_accuracy": [0.9565564005555595, 0.8284377237497297, 0.8896038068180276, 0.8953776436477386, 0.8877884629085447, 0.8352226956164933, 0.895374491930498, 0.9002208604095202], "average_accuracy": 0.886072760704514, "instant_backward_transfer": ["NaN", -0.22226722586348135, 0.026156287220433838, -0.02050990155931398, -0.0075891807391940125, -0.052565767292051396, 0.060151796314004746, 0.004846368479022145], "backward_transfer": -0.03025394620579715, "instant_forward_transfer": [-0.02353136327811915, -0.11146935671524566, 0.1561269726653699, "NaN", "NaN", "NaN", "NaN", "NaN"], "forward_transfer": 0.0070420842240017005, "frugality_score": 0.8859492888442579}