{"instant_average_accuracy": [0.9935064935064934, 0.7129870129870131, 0.6049480959541319, 0.5786563903057904, 0.5712957084828337, 0.5697302027782462, 0.5967671373831744, 0.5788712699225951], "average_accuracy": 0.6508452889150348, "instant_backward_transfer": ["NaN", -0.46753246753246747, -0.1486452261986722, -0.022741856698393275, -0.007360681822956572, -0.001565505704587633, 0.02703693460492826, -0.017895867460579362], "backward_transfer": -0.0912435244018183, "instant_forward_transfer": [-0.018581606650040123, -0.0014030210256179565, 0.004097069019855071, "NaN", "NaN", "NaN", "NaN", "NaN"], "forward_transfer": -0.005295852885267669, "frugality_score": 0.6508218491991029}