{"continual_macro_BA_cluster_0_round_0": [0.5], "continual_macro_BA_cluster_1_round_0": [0.735], "continual_macro_BA_cluster_2_round_0": [0.9760246692012815], "continual_macro_BA_cluster_3_round_0": [0.7357142857142858], "continual_macro_BA_cluster_0_round_1": [0.75], "continual_macro_BA_cluster_1_round_1": [0.9934408602150537], "continual_macro_BA_cluster_2_round_1": [0.75], "continual_macro_BA_cluster_3_round_1": [0.5], "continual_macro_BA_cluster_0_round_2": [0.9929577464788732], "continual_macro_BA_cluster_1_round_2": [0.7501075268817203], "continual_macro_BA_cluster_2_round_2": [0.5021744948481199], "continual_macro_BA_cluster_3_round_2": [0.7401960784313726], "continual_macro_BA_cluster_0_round_3": [0.9538952464788732], "continual_macro_BA_cluster_1_round_3": [0.6838709677419355], "continual_macro_BA_cluster_2_round_3": [0.7279411764705882], "continual_macro_BA_cluster_3_round_3": [0.9634103641456583], "continual_macro_BA_cluster_0_round_4": [0.7114051496478873], "continual_macro_BA_cluster_1_round_4": [0.7282795698924731], "continual_macro_BA_cluster_2_round_4": [0.8452544847726324], "continual_macro_BA_cluster_3_round_4": [0.8367296918767507], "continual_macro_BA_cluster_0_round_5": [0.8017165492957746], "continual_macro_BA_cluster_1_round_5": [0.884731182795699], "continual_macro_BA_cluster_2_round_5": [0.7696912807676262], "continual_macro_BA_cluster_3_round_5": [0.6882002801120448], "continual_macro_BA_cluster_0_round_6": [0.826749559859155], "continual_macro_BA_cluster_1_round_6": [0.7632258064516129], "continual_macro_BA_cluster_2_round_6": [0.6873591989987484], "continual_macro_BA_cluster_3_round_6": [0.7301470588235295], "continual_macro_BA_cluster_0_round_7": [0.8352772887323944], "continual_macro_BA_cluster_1_round_7": [0.6419354838709678], "continual_macro_BA_cluster_2_round_7": [0.6794117647058824], "continual_macro_BA_cluster_3_round_7": [0.8695961718020542]}