{"continual_macro_BA_cluster_0_round_0": [0.9387320456495432], "continual_macro_BA_cluster_1_round_0": [0.9696679184870429], "continual_macro_BA_cluster_2_round_0": [0.9029568637279807], "continual_macro_BA_cluster_3_round_0": [0.8266305788509736], "continual_macro_BA_cluster_0_round_1": [0.7666355452139026], "continual_macro_BA_cluster_1_round_1": [0.7874588587206257], "continual_macro_BA_cluster_2_round_1": [0.8516855567174337], "continual_macro_BA_cluster_3_round_1": [0.9492583870325305], "continual_macro_BA_cluster_0_round_2": [0.8764259441756457], "continual_macro_BA_cluster_1_round_2": [0.8809236431955447], "continual_macro_BA_cluster_2_round_2": [0.956194186052221], "continual_macro_BA_cluster_3_round_2": [0.8725898478280243], "continual_macro_BA_cluster_0_round_3": [0.9455608051404825], "continual_macro_BA_cluster_1_round_3": [0.9524021555395729], "continual_macro_BA_cluster_2_round_3": [0.886139948782062], "continual_macro_BA_cluster_3_round_3": [0.8414093165606323], "continual_macro_BA_cluster_0_round_4": [0.9550514648072952], "continual_macro_BA_cluster_1_round_4": [0.9622361950645361], "continual_macro_BA_cluster_2_round_4": [0.9071124685937674], "continual_macro_BA_cluster_3_round_4": [0.8246264700212069], "continual_macro_BA_cluster_0_round_5": [0.8120433470322961], "continual_macro_BA_cluster_1_round_5": [0.8431285479968269], "continual_macro_BA_cluster_2_round_5": [0.9022858720739086], "continual_macro_BA_cluster_3_round_5": [0.9297489626188112], "continual_macro_BA_cluster_0_round_6": [0.8750975629252686], "continual_macro_BA_cluster_1_round_6": [0.8723834468421395], "continual_macro_BA_cluster_2_round_6": [0.9573882289012874], "continual_macro_BA_cluster_3_round_6": [0.8801776870514457], "continual_macro_BA_cluster_0_round_7": [0.9495698220983402], "continual_macro_BA_cluster_1_round_7": [0.9130427214874219], "continual_macro_BA_cluster_2_round_7": [0.9391329018223851], "continual_macro_BA_cluster_3_round_7": [0.8421629132928475]}