{"continual_macro_BA_cluster_0_round_0": [0.49899799772842235], "continual_macro_BA_cluster_1_round_0": [0.7432795698924731], "continual_macro_BA_cluster_2_round_0": [0.9688834858280155], "continual_macro_BA_cluster_3_round_0": [0.7376565209417101], "continual_macro_BA_cluster_0_round_1": [0.6536357810537052], "continual_macro_BA_cluster_1_round_1": [0.8640674823878383], "continual_macro_BA_cluster_2_round_1": [0.6595278447357698], "continual_macro_BA_cluster_3_round_1": [0.4463201947445645], "continual_macro_BA_cluster_0_round_2": [0.5979120891543699], "continual_macro_BA_cluster_1_round_2": [0.7312291434927698], "continual_macro_BA_cluster_2_round_2": [0.6366207033101973], "continual_macro_BA_cluster_3_round_2": [0.5143155178738162], "continual_macro_BA_cluster_0_round_3": [0.5438624338298705], "continual_macro_BA_cluster_1_round_3": [0.6377549128661475], "continual_macro_BA_cluster_2_round_3": [0.6973586964353724], "continual_macro_BA_cluster_3_round_3": [0.6089344070961719], "continual_macro_BA_cluster_0_round_4": [0.5531504486793442], "continual_macro_BA_cluster_1_round_4": [0.6086688913607712], "continual_macro_BA_cluster_2_round_4": [0.6247384853950845], "continual_macro_BA_cluster_3_round_4": [0.5920478608109911], "continual_macro_BA_cluster_0_round_5": [0.530414103281375], "continual_macro_BA_cluster_1_round_5": [0.5911030774935113], "continual_macro_BA_cluster_2_round_5": [0.5859096518204602], "continual_macro_BA_cluster_3_round_5": [0.5326276343870882], "continual_macro_BA_cluster_0_round_6": [0.5316940521643995], "continual_macro_BA_cluster_1_round_6": [0.5447033741193918], "continual_macro_BA_cluster_2_round_6": [0.5771096005953257], "continual_macro_BA_cluster_3_round_6": [0.5344277294251034], "continual_macro_BA_cluster_0_round_7": [0.5121655311801632], "continual_macro_BA_cluster_1_round_7": [0.5686318131256953], "continual_macro_BA_cluster_2_round_7": [0.6117342644682244], "continual_macro_BA_cluster_3_round_7": [0.5057906495931705]}