{"continual_macro_BA_cluster_0_round_0": [0.39107142857142857], "continual_macro_BA_cluster_1_round_0": [0.9736701654509874], "continual_macro_BA_cluster_2_round_0": [0.5], "continual_macro_BA_cluster_3_round_0": [0.48476084538375974], "continual_macro_BA_cluster_0_round_1": [0.4517857142857143], "continual_macro_BA_cluster_1_round_1": [0.9592599181640278], "continual_macro_BA_cluster_2_round_1": [0.4924812030075188], "continual_macro_BA_cluster_3_round_1": [0.9666295884315907], "continual_macro_BA_cluster_0_round_2": [0.9772321428571429], "continual_macro_BA_cluster_1_round_2": [0.9697117950542609], "continual_macro_BA_cluster_2_round_2": [0.48872180451127817], "continual_macro_BA_cluster_3_round_2": [0.9487208008898776], "continual_macro_BA_cluster_0_round_3": [0.9227678571428571], "continual_macro_BA_cluster_1_round_3": [0.9504091798612346], "continual_macro_BA_cluster_2_round_3": [0.9887218045112782], "continual_macro_BA_cluster_3_round_3": [0.942714126807564], "continual_macro_BA_cluster_0_round_4": [0.9133928571428571], "continual_macro_BA_cluster_1_round_4": [0.9569026863547412], "continual_macro_BA_cluster_2_round_4": [0.9436090225563909], "continual_macro_BA_cluster_3_round_4": [0.939265850945495], "continual_macro_BA_cluster_0_round_5": [0.9316964285714286], "continual_macro_BA_cluster_1_round_5": [0.9574363992172211], "continual_macro_BA_cluster_2_round_5": [0.9241141776597182], "continual_macro_BA_cluster_3_round_5": [0.9620689655172414], "continual_macro_BA_cluster_0_round_6": [0.9799107142857142], "continual_macro_BA_cluster_1_round_6": [0.9509428927237147], "continual_macro_BA_cluster_2_round_6": [0.9204223132682005], "continual_macro_BA_cluster_3_round_6": [0.9558398220244716], "continual_macro_BA_cluster_0_round_7": [0.9714285714285714], "continual_macro_BA_cluster_1_round_7": [0.9155844155844156], "continual_macro_BA_cluster_2_round_7": [0.9834991670793751], "continual_macro_BA_cluster_3_round_7": [0.9448275862068966]}