{"continual_macro_BA_cluster_0_round_0": [0.9360387137747552], "continual_macro_BA_cluster_1_round_0": [0.9835080395794682], "continual_macro_BA_cluster_2_round_0": [0.8964937813445178], "continual_macro_BA_cluster_3_round_0": [0.824095539329092], "continual_macro_BA_cluster_0_round_1": [0.7403836507593531], "continual_macro_BA_cluster_1_round_1": [0.7441460146883505], "continual_macro_BA_cluster_2_round_1": [0.804693933786136], "continual_macro_BA_cluster_3_round_1": [0.9606814796425025], "continual_macro_BA_cluster_0_round_2": [0.873758827252622], "continual_macro_BA_cluster_1_round_2": [0.870316745466515], "continual_macro_BA_cluster_2_round_2": [0.9780645919993138], "continual_macro_BA_cluster_3_round_2": [0.8921346153846154], "continual_macro_BA_cluster_0_round_3": [0.8847683306080907], "continual_macro_BA_cluster_1_round_3": [0.8612292152931553], "continual_macro_BA_cluster_2_round_3": [0.9712839637777329], "continual_macro_BA_cluster_3_round_3": [0.8666455731354875], "continual_macro_BA_cluster_0_round_4": [0.9389198726118265], "continual_macro_BA_cluster_1_round_4": [0.9639178379074015], "continual_macro_BA_cluster_2_round_4": [0.8961392703509827], "continual_macro_BA_cluster_3_round_4": [0.811214930354733], "continual_macro_BA_cluster_0_round_5": [0.8413724813271284], "continual_macro_BA_cluster_1_round_5": [0.846561041290738], "continual_macro_BA_cluster_2_round_5": [0.8836063321996774], "continual_macro_BA_cluster_3_round_5": [0.9145098443223443], "continual_macro_BA_cluster_0_round_6": [0.8755607598728622], "continual_macro_BA_cluster_1_round_6": [0.8835160881429662], "continual_macro_BA_cluster_2_round_6": [0.9380965449333496], "continual_macro_BA_cluster_3_round_6": [0.8944659605745132], "continual_macro_BA_cluster_0_round_7": [0.9259082624135367], "continual_macro_BA_cluster_1_round_7": [0.9112283300416941], "continual_macro_BA_cluster_2_round_7": [0.9464568237621324], "continual_macro_BA_cluster_3_round_7": [0.845581983805668]}