{"continual_macro_BA_cluster_0_round_0": [0.5], "continual_macro_BA_cluster_1_round_0": [0.976561110122754], "continual_macro_BA_cluster_2_round_0": [0.6438251316915042], "continual_macro_BA_cluster_3_round_0": [0.4612903225806452], "continual_macro_BA_cluster_0_round_1": [0.5], "continual_macro_BA_cluster_1_round_1": [0.9763832058352606], "continual_macro_BA_cluster_2_round_1": [0.6438251316915042], "continual_macro_BA_cluster_3_round_1": [0.9707452725250278], "continual_macro_BA_cluster_0_round_2": [0.9870535714285714], "continual_macro_BA_cluster_1_round_2": [0.9763832058352606], "continual_macro_BA_cluster_2_round_2": [0.6438251316915042], "continual_macro_BA_cluster_3_round_2": [0.9449388209121246], "continual_macro_BA_cluster_0_round_3": [0.9714285714285714], "continual_macro_BA_cluster_1_round_3": [0.9763832058352606], "continual_macro_BA_cluster_2_round_3": [0.9263428031155734], "continual_macro_BA_cluster_3_round_3": [0.9449388209121246], "continual_macro_BA_cluster_0_round_4": [0.9714285714285714], "continual_macro_BA_cluster_1_round_4": [0.9589041095890412], "continual_macro_BA_cluster_2_round_4": [0.9225834046193327], "continual_macro_BA_cluster_3_round_4": [0.9449388209121246], "continual_macro_BA_cluster_0_round_5": [0.9714285714285714], "continual_macro_BA_cluster_1_round_5": [0.8801369863013699], "continual_macro_BA_cluster_2_round_5": [0.9225834046193327], "continual_macro_BA_cluster_3_round_5": [0.9827586206896552], "continual_macro_BA_cluster_0_round_6": [0.975], "continual_macro_BA_cluster_1_round_6": [0.8801369863013699], "continual_macro_BA_cluster_2_round_6": [0.9225834046193327], "continual_macro_BA_cluster_3_round_6": [0.9862068965517241], "continual_macro_BA_cluster_0_round_7": [0.9571428571428571], "continual_macro_BA_cluster_1_round_7": [0.8801369863013699], "continual_macro_BA_cluster_2_round_7": [0.9142992211066588], "continual_macro_BA_cluster_3_round_7": [0.9862068965517241]}