{"continual_macro_BA_cluster_0_round_0": [0.5], "continual_macro_BA_cluster_1_round_0": [0.725], "continual_macro_BA_cluster_2_round_0": [0.965886104001555], "continual_macro_BA_cluster_3_round_0": [0.7303571428571428], "continual_macro_BA_cluster_0_round_1": [0.7158884447674418], "continual_macro_BA_cluster_1_round_1": [0.9431720430107526], "continual_macro_BA_cluster_2_round_1": [0.7389937106918238], "continual_macro_BA_cluster_3_round_1": [0.5], "continual_macro_BA_cluster_0_round_2": [0.9499179853832296], "continual_macro_BA_cluster_1_round_2": [0.7173526140155728], "continual_macro_BA_cluster_2_round_2": [0.5], "continual_macro_BA_cluster_3_round_2": [0.7220888355342137], "continual_macro_BA_cluster_0_round_3": [0.7310126582278481], "continual_macro_BA_cluster_1_round_3": [0.5], "continual_macro_BA_cluster_2_round_3": [0.7176470588235294], "continual_macro_BA_cluster_3_round_3": [0.9245748299319727], "continual_macro_BA_cluster_0_round_4": [0.5], "continual_macro_BA_cluster_1_round_4": [0.7316666666666667], "continual_macro_BA_cluster_2_round_4": [0.9624676285608583], "continual_macro_BA_cluster_3_round_4": [0.7395089285714286], "continual_macro_BA_cluster_0_round_5": [0.7397801598837209], "continual_macro_BA_cluster_1_round_5": [0.9569781238413051], "continual_macro_BA_cluster_2_round_5": [0.7216312056737588], "continual_macro_BA_cluster_3_round_5": [0.5], "continual_macro_BA_cluster_0_round_6": [0.9573704739476008], "continual_macro_BA_cluster_1_round_6": [0.7206896551724138], "continual_macro_BA_cluster_2_round_6": [0.5], "continual_macro_BA_cluster_3_round_6": [0.7210884353741497], "continual_macro_BA_cluster_0_round_7": [0.7429577464788732], "continual_macro_BA_cluster_1_round_7": [0.5], "continual_macro_BA_cluster_2_round_7": [0.7264705882352941], "continual_macro_BA_cluster_3_round_7": [0.9583566760037348]}