{"instant_average_accuracy": [0.976561110122754, 0.9735642391801442, 0.9694585327253189, 0.9547733503228826, 0.9494637266372674, 0.9392268957597323, 0.9409818218681066, 0.9344464902756525], "average_accuracy": 0.9548095208614824, "instant_backward_transfer": ["NaN", -0.00017790428749342446, -0.012903225806451646, -0.005208333333333333, -0.0053096236856150225, -0.01023683087753513, 0.001754926108374355, -0.006535331592454202], "backward_transfer": -0.005516617639215486, "instant_forward_transfer": [-0.41751117350969685, 0.0, 0.0, "NaN", "NaN", "NaN", "NaN", "NaN"], "forward_transfer": -0.13917039116989896, "frugality_score": 0.9547567760117093}