{"instant_average_accuracy": [1.0, 0.692769744160178, 0.5802083333333333, 0.5573308270676691, 0.625, 0.5974694104560623, 0.5939732142857143, 0.589302597811895], "average_accuracy": 0.6545067658893565, "instant_backward_transfer": ["NaN", -0.5, -0.192769744160178, -0.08020833333333333, 0.06766917293233082, -0.027530589543937722, -0.0034961961703479927, -0.004670616473819278], "backward_transfer": -0.10585804382132649, "instant_forward_transfer": [-0.11907013041586001, 0.0, 0.0, "NaN", "NaN", "NaN", "NaN", "NaN"], "forward_transfer": -0.03969004347195334, "frugality_score": 0.6544793595096404}