{"instant_average_accuracy": [0.9705327413984461, 0.9823295952312192, 0.9688697133884174, 0.9662809866971827, 0.966344189053395, 0.9600487549363628, 0.9659022438335809, 0.9719788391126587], "average_accuracy": 0.9690358829564079, "instant_backward_transfer": ["NaN", 0.017148325222687166, -0.011878857995357262, -0.0022454312722324974, 6.320235621232184e-05, -0.006295434117032234, 0.005853488897218123, 0.006076595279077834], "backward_transfer": 0.0012459840529390647, "instant_forward_transfer": [-0.34289824875037844, 0.14271345771695448, 0.23566093103908226, "NaN", "NaN", "NaN", "NaN", "NaN"], "forward_transfer": 0.011825380001886099, "frugality_score": 0.9677028011728525}