{"continual_macro_BA_cluster_0_round_0": [0.8992244442705841], "continual_macro_BA_cluster_1_round_0": [0.9565564005555595], "continual_macro_BA_cluster_2_round_0": [0.864807504199449], "continual_macro_BA_cluster_3_round_0": [0.8475719768170427], "continual_macro_BA_cluster_0_round_1": [0.7296852887820908], "continual_macro_BA_cluster_1_round_1": [0.7342891746920781], "continual_macro_BA_cluster_2_round_1": [0.8114079462574509], "continual_macro_BA_cluster_3_round_1": [0.9225862728073813], "continual_macro_BA_cluster_0_round_2": [0.8858122614474607], "continual_macro_BA_cluster_1_round_2": [0.8592350505695925], "continual_macro_BA_cluster_2_round_2": [0.9596233985137557], "continual_macro_BA_cluster_3_round_2": [0.8499529713707346], "continual_macro_BA_cluster_0_round_3": [0.9742288588148141], "continual_macro_BA_cluster_1_round_3": [0.9097201109182675], "continual_macro_BA_cluster_2_round_3": [0.8881419559760533], "continual_macro_BA_cluster_3_round_3": [0.8094196488818199], "continual_macro_BA_cluster_0_round_4": [0.8971849080730651], "continual_macro_BA_cluster_1_round_4": [0.9672606065407512], "continual_macro_BA_cluster_2_round_4": [0.8499426065885137], "continual_macro_BA_cluster_3_round_4": [0.8367657304318489], "continual_macro_BA_cluster_0_round_5": [0.7550688089460238], "continual_macro_BA_cluster_1_round_5": [0.7687516428394693], "continual_macro_BA_cluster_2_round_5": [0.8449396078056225], "continual_macro_BA_cluster_3_round_5": [0.9721307228748577], "continual_macro_BA_cluster_0_round_6": [0.8719485118999739], "continual_macro_BA_cluster_1_round_6": [0.8676005074561595], "continual_macro_BA_cluster_2_round_6": [0.9803377640871287], "continual_macro_BA_cluster_3_round_6": [0.8616111842787302], "continual_macro_BA_cluster_0_round_7": [0.9832426041130573], "continual_macro_BA_cluster_1_round_7": [0.9186854265166476], "continual_macro_BA_cluster_2_round_7": [0.8970996538269608], "continual_macro_BA_cluster_3_round_7": [0.8018557571814151]}