{"continual_macro_BA_cluster_0_round_0": [0.5125], "continual_macro_BA_cluster_1_round_0": [0.9626845756982743], "continual_macro_BA_cluster_2_round_0": [0.5794876412588357], "continual_macro_BA_cluster_3_round_0": [0.4961067853170189], "continual_macro_BA_cluster_0_round_1": [0.4875], "continual_macro_BA_cluster_1_round_1": [0.9769169186977407], "continual_macro_BA_cluster_2_round_1": [0.5263833235784071], "continual_macro_BA_cluster_3_round_1": [0.9636262513904338], "continual_macro_BA_cluster_0_round_2": [0.9678571428571429], "continual_macro_BA_cluster_1_round_2": [0.9693559864792742], "continual_macro_BA_cluster_2_round_2": [0.6023366800234118], "continual_macro_BA_cluster_3_round_2": [0.9765294771968853], "continual_macro_BA_cluster_0_round_3": [0.9866071428571429], "continual_macro_BA_cluster_1_round_3": [0.9455612880270414], "continual_macro_BA_cluster_2_round_3": [0.9461077844311377], "continual_macro_BA_cluster_3_round_3": [0.9463848720800889], "continual_macro_BA_cluster_0_round_4": [0.9584821428571428], "continual_macro_BA_cluster_1_round_4": [0.9625066714107811], "continual_macro_BA_cluster_2_round_4": [0.9624060150375939], "continual_macro_BA_cluster_3_round_4": [0.9451612903225807], "continual_macro_BA_cluster_0_round_5": [0.9558035714285714], "continual_macro_BA_cluster_1_round_5": [0.9902597402597403], "continual_macro_BA_cluster_2_round_5": [0.9376209986042952], "continual_macro_BA_cluster_3_round_5": [0.9694104560622914], "continual_macro_BA_cluster_0_round_6": [0.9866071428571429], "continual_macro_BA_cluster_1_round_6": [0.9706013164917274], "continual_macro_BA_cluster_2_round_6": [0.9401197604790419], "continual_macro_BA_cluster_3_round_6": [0.9765294771968853], "continual_macro_BA_cluster_0_round_7": [0.971875], "continual_macro_BA_cluster_1_round_7": [0.9589041095890412], "continual_macro_BA_cluster_2_round_7": [0.9902525775516635], "continual_macro_BA_cluster_3_round_7": [0.9724137931034482]}