{"continual_macro_BA_cluster_0_round_0": [0.4411050460197896], "continual_macro_BA_cluster_1_round_0": [0.666989247311828], "continual_macro_BA_cluster_2_round_0": [0.965886104001555], "continual_macro_BA_cluster_3_round_0": [0.7184959400426838], "continual_macro_BA_cluster_0_round_1": [0.6951021390430454], "continual_macro_BA_cluster_1_round_1": [0.9396125324434557], "continual_macro_BA_cluster_2_round_1": [0.9610525342212357], "continual_macro_BA_cluster_3_round_1": [0.6957280828998267], "continual_macro_BA_cluster_0_round_2": [0.9470110086390435], "continual_macro_BA_cluster_1_round_2": [0.9540730441230998], "continual_macro_BA_cluster_2_round_2": [0.9641971883092859], "continual_macro_BA_cluster_3_round_2": [0.931155587234894], "continual_macro_BA_cluster_0_round_3": [0.9433507506623492], "continual_macro_BA_cluster_1_round_3": [0.9521264367816091], "continual_macro_BA_cluster_2_round_3": [0.9583148353681095], "continual_macro_BA_cluster_3_round_3": [0.9244897959183673], "continual_macro_BA_cluster_0_round_4": [0.9486101551907856], "continual_macro_BA_cluster_1_round_4": [0.9454597701149425], "continual_macro_BA_cluster_2_round_4": [0.9579541250462449], "continual_macro_BA_cluster_3_round_4": [0.9548917483660131], "continual_macro_BA_cluster_0_round_5": [0.9761810127489251], "continual_macro_BA_cluster_1_round_5": [0.9535298479792362], "continual_macro_BA_cluster_2_round_5": [0.9667669522800937], "continual_macro_BA_cluster_3_round_5": [0.9553381769374416], "continual_macro_BA_cluster_0_round_6": [0.9528812187224021], "continual_macro_BA_cluster_1_round_6": [0.9472988505747126], "continual_macro_BA_cluster_2_round_6": [0.9720861012162639], "continual_macro_BA_cluster_3_round_6": [0.9574723639455782], "continual_macro_BA_cluster_0_round_7": [0.978422862757943], "continual_macro_BA_cluster_1_round_7": [0.9490229885057471], "continual_macro_BA_cluster_2_round_7": [0.9534209428452232], "continual_macro_BA_cluster_3_round_7": [0.9567226890756302]}