{"continual_macro_BA_cluster_0_round_0": [0.9079061588078161], "continual_macro_BA_cluster_1_round_0": [0.9356654559763178], "continual_macro_BA_cluster_2_round_0": [0.8609387173760761], "continual_macro_BA_cluster_3_round_0": [0.837249843358396], "continual_macro_BA_cluster_0_round_1": [0.729035724970794], "continual_macro_BA_cluster_1_round_1": [0.7234937752852677], "continual_macro_BA_cluster_2_round_1": [0.7855490699293086], "continual_macro_BA_cluster_3_round_1": [0.8559810049888873], "continual_macro_BA_cluster_0_round_2": [0.8881733176204518], "continual_macro_BA_cluster_1_round_2": [0.8576519148715205], "continual_macro_BA_cluster_2_round_2": [0.9537177414671629], "continual_macro_BA_cluster_3_round_2": [0.8539988432620012], "continual_macro_BA_cluster_0_round_3": [0.9629424181316038], "continual_macro_BA_cluster_1_round_3": [0.8967258662995989], "continual_macro_BA_cluster_2_round_3": [0.8850356346047948], "continual_macro_BA_cluster_3_round_3": [0.7987816054559476], "continual_macro_BA_cluster_0_round_4": [0.9011281732608301], "continual_macro_BA_cluster_1_round_4": [0.9640253022309394], "continual_macro_BA_cluster_2_round_4": [0.8527036549130527], "continual_macro_BA_cluster_3_round_4": [0.8361328320802005], "continual_macro_BA_cluster_0_round_5": [0.7407622290738648], "continual_macro_BA_cluster_1_round_5": [0.7402723136963808], "continual_macro_BA_cluster_2_round_5": [0.8106184236134706], "continual_macro_BA_cluster_3_round_5": [0.9367424102709604], "continual_macro_BA_cluster_0_round_6": [0.8846691713643484], "continual_macro_BA_cluster_1_round_6": [0.8653274308257026], "continual_macro_BA_cluster_2_round_6": [0.9799928564620575], "continual_macro_BA_cluster_3_round_6": [0.8648620885486575], "continual_macro_BA_cluster_0_round_7": [0.9800980018662684], "continual_macro_BA_cluster_1_round_7": [0.9263351462285794], "continual_macro_BA_cluster_2_round_7": [0.8972249563944765], "continual_macro_BA_cluster_3_round_7": [0.7988429607673029]}