{"continual_macro_BA_cluster_0_round_0": [0.4720973119405274], "continual_macro_BA_cluster_1_round_0": [0.6710011123470523], "continual_macro_BA_cluster_2_round_0": [0.956758054486347], "continual_macro_BA_cluster_3_round_0": [0.7539863862211551], "continual_macro_BA_cluster_0_round_1": [0.705577761627907], "continual_macro_BA_cluster_1_round_1": [0.9023655913978494], "continual_macro_BA_cluster_2_round_1": [0.8054519800694264], "continual_macro_BA_cluster_3_round_1": [0.5803571428571428], "continual_macro_BA_cluster_0_round_2": [0.9162892553936365], "continual_macro_BA_cluster_1_round_2": [0.9053874675565443], "continual_macro_BA_cluster_2_round_2": [0.8296715233664722], "continual_macro_BA_cluster_3_round_2": [0.816544951313859], "continual_macro_BA_cluster_0_round_3": [0.9093143526858828], "continual_macro_BA_cluster_1_round_3": [0.93550241008528], "continual_macro_BA_cluster_2_round_3": [0.9147759384765548], "continual_macro_BA_cluster_3_round_3": [0.852077497665733], "continual_macro_BA_cluster_0_round_4": [0.8631385880691124], "continual_macro_BA_cluster_1_round_4": [0.9077549128661475], "continual_macro_BA_cluster_2_round_4": [0.9409174990751017], "continual_macro_BA_cluster_3_round_4": [0.850326797385621], "continual_macro_BA_cluster_0_round_5": [0.9151078345070423], "continual_macro_BA_cluster_1_round_5": [0.967193177604746], "continual_macro_BA_cluster_2_round_5": [0.935755582843334], "continual_macro_BA_cluster_3_round_5": [0.8174603174603174], "continual_macro_BA_cluster_0_round_6": [0.9334465613040919], "continual_macro_BA_cluster_1_round_6": [0.9634835001853912], "continual_macro_BA_cluster_2_round_6": [0.9667693591348159], "continual_macro_BA_cluster_3_round_6": [0.9286777210884354], "continual_macro_BA_cluster_0_round_7": [0.963107763957531], "continual_macro_BA_cluster_1_round_7": [0.8940137189469781], "continual_macro_BA_cluster_2_round_7": [0.9205569461827284], "continual_macro_BA_cluster_3_round_7": [0.9555853591436574]}