{"continual_macro_BA_cluster_0_round_0": [0.5540178571428571], "continual_macro_BA_cluster_1_round_0": [0.9832325209037538], "continual_macro_BA_cluster_2_round_0": [0.5], "continual_macro_BA_cluster_3_round_0": [0.3903225806451613], "continual_macro_BA_cluster_0_round_1": [0.5821428571428571], "continual_macro_BA_cluster_1_round_1": [0.9706013164917274], "continual_macro_BA_cluster_2_round_1": [0.49624060150375937], "continual_macro_BA_cluster_3_round_1": [0.9774193548387097], "continual_macro_BA_cluster_0_round_2": [0.95625], "continual_macro_BA_cluster_1_round_2": [0.9642857142857143], "continual_macro_BA_cluster_2_round_2": [0.47368421052631576], "continual_macro_BA_cluster_3_round_2": [0.932258064516129], "continual_macro_BA_cluster_0_round_3": [0.971875], "continual_macro_BA_cluster_1_round_3": [0.9545454545454546], "continual_macro_BA_cluster_2_round_3": [0.9631714015577866], "continual_macro_BA_cluster_3_round_3": [0.9290322580645161], "continual_macro_BA_cluster_0_round_4": [0.971875], "continual_macro_BA_cluster_1_round_4": [0.9417808219178082], "continual_macro_BA_cluster_2_round_4": [0.9518932060690648], "continual_macro_BA_cluster_3_round_4": [0.9387096774193548], "continual_macro_BA_cluster_0_round_5": [0.9714285714285714], "continual_macro_BA_cluster_1_round_5": [0.904109589041096], "continual_macro_BA_cluster_2_round_5": [0.9556526045653054], "continual_macro_BA_cluster_3_round_5": [0.9622914349276974], "continual_macro_BA_cluster_0_round_6": [0.9714285714285714], "continual_macro_BA_cluster_1_round_6": [0.9075342465753424], "continual_macro_BA_cluster_2_round_6": [0.9631714015577866], "continual_macro_BA_cluster_3_round_6": [0.9634037819799778], "continual_macro_BA_cluster_0_round_7": [0.9678571428571429], "continual_macro_BA_cluster_1_round_7": [0.9178082191780822], "continual_macro_BA_cluster_2_round_7": [0.9097744360902256], "continual_macro_BA_cluster_3_round_7": [0.9668520578420468]}