{"instant_average_accuracy": [0.9486301369863014, 0.7190923853600801, 0.5489314205274768, 0.5, 0.5, 0.5, 0.5, 0.5], "average_accuracy": 0.5895817428592323, "instant_backward_transfer": ["NaN", -0.24893257427504, -0.16600775456886507, -0.04893142052747668, 0.0, 0.0, 0.0, 0.0], "backward_transfer": -0.06626739276734026, "instant_forward_transfer": [0.0, 0.0, 0.0, "NaN", "NaN", "NaN", "NaN", "NaN"], "forward_transfer": 0.0, "frugality_score": 0.5895549896015646}