{"instant_average_accuracy": [0.9356654559763178, 0.7897373901370774, 0.8884561665335614, 0.8858713811229862, 0.8884974906212556, 0.8070988441636692, 0.8987128868001915, 0.9006252663141567], "average_accuracy": 0.874333110208652, "instant_backward_transfer": ["NaN", -0.21217168069105008, 0.06608798892968332, -0.028275131080114407, 0.0026261094982693856, -0.08139864645758652, 0.09161404263652237, 0.0019123795139652788], "backward_transfer": -0.022800705378615803, "instant_forward_transfer": [-0.023357066495253192, -0.12713004064189476, 0.15913759264965777, "NaN", "NaN", "NaN", "NaN", "NaN"], "forward_transfer": 0.0028834951708366086, "frugality_score": 0.8742653693326071}