{"continual_macro_BA_cluster_0_round_0": [0.9114703312035017], "continual_macro_BA_cluster_1_round_0": [0.9650266686515636], "continual_macro_BA_cluster_2_round_0": [0.8750954475631895], "continual_macro_BA_cluster_3_round_0": [0.843572705802969], "continual_macro_BA_cluster_0_round_1": [0.8027314373134911], "continual_macro_BA_cluster_1_round_1": [0.8458813411996825], "continual_macro_BA_cluster_2_round_1": [0.8608974127649229], "continual_macro_BA_cluster_3_round_1": [0.9327090562945826], "continual_macro_BA_cluster_0_round_2": [0.8604678635867433], "continual_macro_BA_cluster_1_round_2": [0.8874702906424484], "continual_macro_BA_cluster_2_round_2": [0.9335497197747642], "continual_macro_BA_cluster_3_round_2": [0.8961997277073308], "continual_macro_BA_cluster_0_round_3": [0.9052747541283334], "continual_macro_BA_cluster_1_round_3": [0.9054868117739563], "continual_macro_BA_cluster_2_round_3": [0.9160564627098723], "continual_macro_BA_cluster_3_round_3": [0.8663637579525737], "continual_macro_BA_cluster_0_round_4": [0.9332857556305091], "continual_macro_BA_cluster_1_round_4": [0.9536448687825536], "continual_macro_BA_cluster_2_round_4": [0.9152729351705122], "continual_macro_BA_cluster_3_round_4": [0.8281352479757085], "continual_macro_BA_cluster_0_round_5": [0.835928404736274], "continual_macro_BA_cluster_1_round_5": [0.8759776992666779], "continual_macro_BA_cluster_2_round_5": [0.8795672952904348], "continual_macro_BA_cluster_3_round_5": [0.9111307595912859], "continual_macro_BA_cluster_0_round_6": [0.8433838291976601], "continual_macro_BA_cluster_1_round_6": [0.8712311433022475], "continual_macro_BA_cluster_2_round_6": [0.9154222994852916], "continual_macro_BA_cluster_3_round_6": [0.9210086273375747], "continual_macro_BA_cluster_0_round_7": [0.8822288133054352], "continual_macro_BA_cluster_1_round_7": [0.8946627136039975], "continual_macro_BA_cluster_2_round_7": [0.9401068907808812], "continual_macro_BA_cluster_3_round_7": [0.8886266025641025]}