{"instant_average_accuracy": [0.9863013698630136, 0.8832530372852954, 0.6593749999999999, 0.6145209580838323, 0.5551948051948052, 0.5578420467185762, 0.5266230333415148, 0.5521830217808381], "average_accuracy": 0.6669116590334845, "instant_backward_transfer": ["NaN", -0.17785981142145513, -0.38325303728529536, -0.15937500000000002, -0.05932615288902715, 0.0026472415237709934, -0.03121901337706129, 0.02555998843932314], "backward_transfer": -0.11183225500139213, "instant_forward_transfer": [-0.06957736237445071, 0.0, 0.0, "NaN", "NaN", "NaN", "NaN", "NaN"], "forward_transfer": -0.023192454124816905, "frugality_score": 0.6668787566472669}