{"continual_macro_BA_cluster_0_round_0": [0.8679699960621017], "continual_macro_BA_cluster_1_round_0": [0.8794807201639722], "continual_macro_BA_cluster_2_round_0": [0.8222252434648252], "continual_macro_BA_cluster_3_round_0": [0.7976387037532147], "continual_macro_BA_cluster_0_round_1": [0.7237716721887477], "continual_macro_BA_cluster_1_round_1": [0.7374708518491996], "continual_macro_BA_cluster_2_round_1": [0.7265828100322019], "continual_macro_BA_cluster_3_round_1": [0.7530553554150252], "continual_macro_BA_cluster_0_round_2": [0.7096557936209844], "continual_macro_BA_cluster_1_round_2": [0.7371107220112034], "continual_macro_BA_cluster_2_round_2": [0.7293207993090146], "continual_macro_BA_cluster_3_round_2": [0.7258687001202206], "continual_macro_BA_cluster_0_round_3": [0.7433614668971948], "continual_macro_BA_cluster_1_round_3": [0.7802864129832271], "continual_macro_BA_cluster_2_round_3": [0.748174474457852], "continual_macro_BA_cluster_3_round_3": [0.7203647442945171], "continual_macro_BA_cluster_0_round_4": [0.7677146801943223], "continual_macro_BA_cluster_1_round_4": [0.8064943839417956], "continual_macro_BA_cluster_2_round_4": [0.7526998139916026], "continual_macro_BA_cluster_3_round_4": [0.7436372090649337], "continual_macro_BA_cluster_0_round_5": [0.7322751826442804], "continual_macro_BA_cluster_1_round_5": [0.7757423874929594], "continual_macro_BA_cluster_2_round_5": [0.7621533548322292], "continual_macro_BA_cluster_3_round_5": [0.7232826140778288], "continual_macro_BA_cluster_0_round_6": [0.7454417322217857], "continual_macro_BA_cluster_1_round_6": [0.7918359053547951], "continual_macro_BA_cluster_2_round_6": [0.7548954183229267], "continual_macro_BA_cluster_3_round_6": [0.7244831876270865], "continual_macro_BA_cluster_0_round_7": [0.7583156822199144], "continual_macro_BA_cluster_1_round_7": [0.7872246638090363], "continual_macro_BA_cluster_2_round_7": [0.7692804803259887], "continual_macro_BA_cluster_3_round_7": [0.7230557548624827]}