{"instant_average_accuracy": [0.898961695170978, 0.7207001733917592, 0.8262959599063021, 0.878524366840228, 0.9031604322027323, 0.7938378049440871, 0.8705791701777107, 0.9016469310636172], "average_accuracy": 0.8492133167121767, "instant_backward_transfer": ["NaN", -0.21377440745475784, 0.07638570466493255, 0.029103193270480165, 0.024636065362504317, -0.10932262725864533, 0.07674136523362368, 0.031067760885906376], "backward_transfer": -0.01216613504227944, "instant_forward_transfer": [-0.04424402365854404, -0.2005719978305392, 0.1709104982473154, "NaN", "NaN", "NaN", "NaN", "NaN"], "forward_transfer": -0.02463517441392261, "frugality_score": 0.849173194110422}