{"instant_average_accuracy": [0.965886104001555, 0.8410828768512882, 0.7224235331329342, 0.7183086367458376, 0.7334108059497384, 0.7295973723496962, 0.724787141123541, 0.7319462526794756], "average_accuracy": 0.7709303403542582, "instant_backward_transfer": ["NaN", -0.2268923933097311, -0.23240656984350183, -0.0728702941158083, 0.01510216920390084, -0.0038134336000421876, -0.004810231226155148, 0.007159111555934461], "backward_transfer": -0.07407594876220047, "instant_forward_transfer": [-0.08198575987515506, -0.0072343490448504855, 0.22208883553421366, "NaN", "NaN", "NaN", "NaN", "NaN"], "forward_transfer": 0.04428957553806937, "frugality_score": 0.7708734749214111}