{"instant_average_accuracy": [0.9832325209037538, 0.9740103356652186, 0.9509312596006144, 0.9546560285419392, 0.9510646763515569, 0.9483705499906676, 0.9513845003854196, 0.9405729639918743], "average_accuracy": 0.9567778544288805, "instant_backward_transfer": ["NaN", -0.012631204412026364, -0.025738446264296888, 0.0008863112693757724, -0.003591352190382341, -0.0026941263608894206, 0.0030139503947519963, -0.010811536393545207], "backward_transfer": -0.007366629136716064, "instant_forward_transfer": [-0.4667143996671322, 0.012182800751879663, -0.022556390977443608, "NaN", "NaN", "NaN", "NaN", "NaN"], "forward_transfer": -0.15902932996423205, "frugality_score": 0.956656977054976}