{"instant_average_accuracy": [0.7414293568460334, 0.7094256882512555, 0.5204316109943304, 0.5, 0.5050449512851038, 0.5, 0.5, 0.5], "average_accuracy": 0.5595414509220904, "instant_backward_transfer": ["NaN", -0.06758354207878381, -0.1865764950393105, -0.02043161099433048, 0.005044951285103794, -0.005044951285103794, 0.0, 0.0], "backward_transfer": -0.03922737830177497, "instant_forward_transfer": [0.0932390873015873, 0.03338545992524922, -0.028932823129251828, "NaN", "NaN", "NaN", "NaN", "NaN"], "forward_transfer": 0.03256390803252823, "frugality_score": 0.5593349258519189}