{"continual_macro_BA_cluster_0_round_0": [0.5], "continual_macro_BA_cluster_1_round_0": [0.745], "continual_macro_BA_cluster_2_round_0": [0.964434816016392], "continual_macro_BA_cluster_3_round_0": [0.7345982142857143], "continual_macro_BA_cluster_0_round_1": [0.7363735465116279], "continual_macro_BA_cluster_1_round_1": [0.918299962921765], "continual_macro_BA_cluster_2_round_1": [0.6965408805031447], "continual_macro_BA_cluster_3_round_1": [0.5], "continual_macro_BA_cluster_0_round_2": [0.945391649555117], "continual_macro_BA_cluster_1_round_2": [0.7227474972191323], "continual_macro_BA_cluster_2_round_2": [0.5], "continual_macro_BA_cluster_3_round_2": [0.697545684940643], "continual_macro_BA_cluster_0_round_3": [0.6954893920484935], "continual_macro_BA_cluster_1_round_3": [0.5], "continual_macro_BA_cluster_2_round_3": [0.7099547511312218], "continual_macro_BA_cluster_3_round_3": [0.9297116763372015], "continual_macro_BA_cluster_0_round_4": [0.5], "continual_macro_BA_cluster_1_round_4": [0.6983333333333334], "continual_macro_BA_cluster_2_round_4": [0.9176947266569908], "continual_macro_BA_cluster_3_round_4": [0.734375], "continual_macro_BA_cluster_0_round_5": [0.686500726744186], "continual_macro_BA_cluster_1_round_5": [0.8707471264367816], "continual_macro_BA_cluster_2_round_5": [0.6965408805031447], "continual_macro_BA_cluster_3_round_5": [0.5], "continual_macro_BA_cluster_0_round_6": [0.9401796667368059], "continual_macro_BA_cluster_1_round_6": [0.7104560622914349], "continual_macro_BA_cluster_2_round_6": [0.5], "continual_macro_BA_cluster_3_round_6": [0.7024809923969588], "continual_macro_BA_cluster_0_round_7": [0.725374398288465], "continual_macro_BA_cluster_1_round_7": [0.5], "continual_macro_BA_cluster_2_round_7": [0.7176470588235294], "continual_macro_BA_cluster_3_round_7": [0.9351674002934508]}