{"instant_average_accuracy": [0.9794908705270757, 0.8991182644147981, 0.8992353445375055, 0.8965255673928733, 0.8987500353470665, 0.889649541415921, 0.8899347184641563, 0.9056233784655017], "average_accuracy": 0.9072909650706122, "instant_backward_transfer": ["NaN", -0.07305985307206986, -0.007607838490691354, -0.00042228580384828796, 0.0022244679541931767, -0.009100493931145454, 0.00028517704823527446, 0.015688660001345417], "backward_transfer": -0.010284595184854441, "instant_forward_transfer": [-0.023011384193681723, -0.03145633920837815, -0.0007551421252023349, "NaN", "NaN", "NaN", "NaN", "NaN"], "forward_transfer": -0.018407621842420733, "frugality_score": 0.9065597015677587}