{"instant_average_accuracy": [0.5264745848382594, 0.5748562048615636, 0.5271323542882637, 0.5225599598032469, 0.5142804363341061, 0.5595085502213328, 0.5049394971881038, 0.5126401166665959], "average_accuracy": 0.5302989630251841, "instant_backward_transfer": ["NaN", -0.01677117398895145, -0.058559254291387614, -0.026058095329768032, -0.008279523469140751, 0.04522811388722672, -0.05456905303322897, 0.007700619478492043], "backward_transfer": -0.015901195249536863, "instant_forward_transfer": [-0.0017037825472311547, 0.03364107332074673, -0.0574499269783868, "NaN", "NaN", "NaN", "NaN", "NaN"], "forward_transfer": -0.00850421206829041, "frugality_score": 0.5302270590470629}