{"continual_macro_BA_cluster_0_round_0": [0.55312854859862], "continual_macro_BA_cluster_1_round_0": [0.5239550926180448], "continual_macro_BA_cluster_2_round_0": [0.47003867485100503], "continual_macro_BA_cluster_3_round_0": [0.5500480683361056], "continual_macro_BA_cluster_0_round_1": [0.5400958153148775], "continual_macro_BA_cluster_1_round_1": [0.5151985033037618], "continual_macro_BA_cluster_2_round_1": [0.5347826454779995], "continual_macro_BA_cluster_3_round_1": [0.614432362188477], "continual_macro_BA_cluster_0_round_2": [0.5657530552058136], "continual_macro_BA_cluster_1_round_2": [0.5617226073629196], "continual_macro_BA_cluster_2_round_2": [0.493837836561253], "continual_macro_BA_cluster_3_round_2": [0.5964648328003533], "continual_macro_BA_cluster_0_round_3": [0.552959149866842], "continual_macro_BA_cluster_1_round_3": [0.563863062192158], "continual_macro_BA_cluster_2_round_3": [0.5170369540203609], "continual_macro_BA_cluster_3_round_3": [0.5941176879126131], "continual_macro_BA_cluster_0_round_4": [0.5648314430756213], "continual_macro_BA_cluster_1_round_4": [0.5689806847036504], "continual_macro_BA_cluster_2_round_4": [0.5514931820569519], "continual_macro_BA_cluster_3_round_4": [0.6030913017178126], "continual_macro_BA_cluster_0_round_5": [0.5651162807184102], "continual_macro_BA_cluster_1_round_5": [0.5660087579409767], "continual_macro_BA_cluster_2_round_5": [0.5648270066690488], "continual_macro_BA_cluster_3_round_5": [0.6429611752504683], "continual_macro_BA_cluster_0_round_6": [0.5501968547776215], "continual_macro_BA_cluster_1_round_6": [0.5905506630443779], "continual_macro_BA_cluster_2_round_6": [0.5019773370938243], "continual_macro_BA_cluster_3_round_6": [0.619773105791082], "continual_macro_BA_cluster_0_round_7": [0.5821029417820647], "continual_macro_BA_cluster_1_round_7": [0.5960328301050002], "continual_macro_BA_cluster_2_round_7": [0.5381018374144806], "continual_macro_BA_cluster_3_round_7": [0.5957719257152874]}