{"continual_macro_BA_cluster_0_round_0": [0.5360938686901146], "continual_macro_BA_cluster_1_round_0": [0.5193082767737531], "continual_macro_BA_cluster_2_round_0": [0.47353586718093593], "continual_macro_BA_cluster_3_round_0": [0.5428417324553352], "continual_macro_BA_cluster_0_round_1": [0.5271317958530465], "continual_macro_BA_cluster_1_round_1": [0.5343920284169957], "continual_macro_BA_cluster_2_round_1": [0.5492926004435063], "continual_macro_BA_cluster_3_round_1": [0.6469953266472276], "continual_macro_BA_cluster_0_round_2": [0.5660954990504059], "continual_macro_BA_cluster_1_round_2": [0.5647952889633893], "continual_macro_BA_cluster_2_round_2": [0.5014311713836336], "continual_macro_BA_cluster_3_round_2": [0.608141430307742], "continual_macro_BA_cluster_0_round_3": [0.5402089506314433], "continual_macro_BA_cluster_1_round_3": [0.5712417601276633], "continual_macro_BA_cluster_2_round_3": [0.536700428995584], "continual_macro_BA_cluster_3_round_3": [0.5965694324259175], "continual_macro_BA_cluster_0_round_4": [0.5552922162738686], "continual_macro_BA_cluster_1_round_4": [0.5847257589211156], "continual_macro_BA_cluster_2_round_4": [0.5592471504962835], "continual_macro_BA_cluster_3_round_4": [0.5941675953577356], "continual_macro_BA_cluster_0_round_5": [0.5499237497879054], "continual_macro_BA_cluster_1_round_5": [0.5707643948136779], "continual_macro_BA_cluster_2_round_5": [0.5480508539963755], "continual_macro_BA_cluster_3_round_5": [0.6075237682225176], "continual_macro_BA_cluster_0_round_6": [0.5717718065923394], "continual_macro_BA_cluster_1_round_6": [0.6013437597864829], "continual_macro_BA_cluster_2_round_6": [0.5313695488439815], "continual_macro_BA_cluster_3_round_6": [0.5972801744275706], "continual_macro_BA_cluster_0_round_7": [0.6068346365463935], "continual_macro_BA_cluster_1_round_7": [0.5968482411310227], "continual_macro_BA_cluster_2_round_7": [0.5563463363578611], "continual_macro_BA_cluster_3_round_7": [0.5996999473223655]}