{"instant_average_accuracy": [0.5115907045117695, 0.557880765222462, 0.5502219120980126, 0.539125991644593, 0.5259388632617288, 0.5463079213305819, 0.5343638057861839, 0.5419643791322966], "average_accuracy": 0.5384242928734536, "instant_backward_transfer": ["NaN", 0.007076967808479329, 0.006591523070822725, -0.011664725889579378, -0.013187128382864066, 0.020369058068853058, -0.011944115544397962, 0.0076005733461125685], "backward_transfer": 0.0006917360682037533, "instant_forward_transfer": [-0.03418262522546358, -0.007798176330499479, 0.03324788159707509, "NaN", "NaN", "NaN", "NaN", "NaN"], "forward_transfer": -0.0029109733196293224, "frugality_score": 0.5382165432607519}