{"instant_average_accuracy": [0.5595457640253222, 0.5654201820670901, 0.5642723540254843, 0.5508355102840576, 0.5535197544940542, 0.5749077298913543, 0.558441630362276, 0.5592907378687026], "average_accuracy": 0.5607792078772926, "instant_backward_transfer": ["NaN", -0.03104583044583853, 0.002933851514609731, -0.0022195939312053734, 0.0026842442099966335, 0.02138797539730014, -0.016466099529078265, 0.0008491075064266107], "backward_transfer": -0.003125192182541293, "instant_forward_transfer": [-0.049731095332013774, 0.02303069425177029, -0.03197359530289834, "NaN", "NaN", "NaN", "NaN", "NaN"], "forward_transfer": -0.019557998794380606, "frugality_score": 0.5601285016966082}