{"instant_average_accuracy": [0.5, 0.4972399977260298, 0.4998897389229067, 0.49919871794871795, 0.49919871794871795, 0.49899075093185563, 0.48910440070630046, 0.49919871794871795], "average_accuracy": 0.4978526302666558, "instant_backward_transfer": ["NaN", 0.0005421522422391911, 0.0025030048230690882, 0.012930773897606088, 0.0, -0.00020796701686230656, -0.009886350225555146, 0.010094317242417453], "backward_transfer": 0.0022822758518449096, "instant_forward_transfer": [0.0, -0.0060318698246564495, 0.008584021488681481, "NaN", "NaN", "NaN", "NaN", "NaN"], "forward_transfer": 0.0008507172213416773, "frugality_score": 0.4975990562161907}