{"continual_macro_BA_cluster_0_round_0": [0.5055546910108014], "continual_macro_BA_cluster_1_round_0": [0.5044775316902941], "continual_macro_BA_cluster_2_round_0": [0.46105694468885994], "continual_macro_BA_cluster_3_round_0": [0.5662940368719983], "continual_macro_BA_cluster_0_round_1": [0.5158589869820358], "continual_macro_BA_cluster_1_round_1": [0.5178682932638339], "continual_macro_BA_cluster_2_round_1": [0.5020114255395517], "continual_macro_BA_cluster_3_round_1": [0.6005846975978992], "continual_macro_BA_cluster_0_round_2": [0.5165113937780357], "continual_macro_BA_cluster_1_round_2": [0.5082607569923902], "continual_macro_BA_cluster_2_round_2": [0.470750341639318], "continual_macro_BA_cluster_3_round_2": [0.6006182056407443], "continual_macro_BA_cluster_0_round_3": [0.5216007780515263], "continual_macro_BA_cluster_1_round_3": [0.5235899621783134], "continual_macro_BA_cluster_2_round_3": [0.48102825339748334], "continual_macro_BA_cluster_3_round_3": [0.5509178504687852], "continual_macro_BA_cluster_0_round_4": [0.5210669375937409], "continual_macro_BA_cluster_1_round_4": [0.5102573610585919], "continual_macro_BA_cluster_2_round_4": [0.4943800626793009], "continual_macro_BA_cluster_3_round_4": [0.5463690991282965], "continual_macro_BA_cluster_0_round_5": [0.5280642782312162], "continual_macro_BA_cluster_1_round_5": [0.5109158601775163], "continual_macro_BA_cluster_2_round_5": [0.49455540831630573], "continual_macro_BA_cluster_3_round_5": [0.6057447728255182], "continual_macro_BA_cluster_0_round_6": [0.5258552285896501], "continual_macro_BA_cluster_1_round_6": [0.5110633193935697], "continual_macro_BA_cluster_2_round_6": [0.47947233867006045], "continual_macro_BA_cluster_3_round_6": [0.5992205441936171], "continual_macro_BA_cluster_0_round_7": [0.529622992857227], "continual_macro_BA_cluster_1_round_7": [0.5237436004536445], "continual_macro_BA_cluster_2_round_7": [0.4849656744853582], "continual_macro_BA_cluster_3_round_7": [0.5579599078524067]}