{"continual_macro_BA_cluster_0_round_0": [0.5], "continual_macro_BA_cluster_1_round_0": [0.5], "continual_macro_BA_cluster_2_round_0": [0.5416666666666666], "continual_macro_BA_cluster_3_round_0": [0.46153846153846156], "continual_macro_BA_cluster_0_round_1": [0.517766709313169], "continual_macro_BA_cluster_1_round_1": [0.5074802986439708], "continual_macro_BA_cluster_2_round_1": [0.5329609587440699], "continual_macro_BA_cluster_3_round_1": [0.5866503233954297], "continual_macro_BA_cluster_0_round_2": [0.533602161580923], "continual_macro_BA_cluster_1_round_2": [0.5674503004572837], "continual_macro_BA_cluster_2_round_2": [0.5248301969069561], "continual_macro_BA_cluster_3_round_2": [0.5839561793565725], "continual_macro_BA_cluster_0_round_3": [0.5364934590320692], "continual_macro_BA_cluster_1_round_3": [0.5675576046902843], "continual_macro_BA_cluster_2_round_3": [0.5473424960642906], "continual_macro_BA_cluster_3_round_3": [0.5901508895893643], "continual_macro_BA_cluster_0_round_4": [0.5204111369315068], "continual_macro_BA_cluster_1_round_4": [0.5909989489264061], "continual_macro_BA_cluster_2_round_4": [0.5433419773520524], "continual_macro_BA_cluster_3_round_4": [0.5992562353659064], "continual_macro_BA_cluster_0_round_5": [0.5493562714708844], "continual_macro_BA_cluster_1_round_5": [0.5833084851260556], "continual_macro_BA_cluster_2_round_5": [0.5428812634757548], "continual_macro_BA_cluster_3_round_5": [0.6153379873480106], "continual_macro_BA_cluster_0_round_6": [0.5394836316149545], "continual_macro_BA_cluster_1_round_6": [0.6105393299338472], "continual_macro_BA_cluster_2_round_6": [0.540732948950207], "continual_macro_BA_cluster_3_round_6": [0.5966676610700918], "continual_macro_BA_cluster_0_round_7": [0.5396193623026998], "continual_macro_BA_cluster_1_round_7": [0.6108826831667696], "continual_macro_BA_cluster_2_round_7": [0.5392335723123578], "continual_macro_BA_cluster_3_round_7": [0.5968765377556993]}