{"instant_average_accuracy": [0.5559241039625048, 0.568697293115364, 0.5954837533585734, 0.5646552213185023, 0.5694853483943313, 0.575701214935686, 0.5693598213593875, 0.586730269492712], "average_accuracy": 0.5732546282421327, "instant_backward_transfer": ["NaN", -0.023293690476725692, 0.04178565614756091, -0.024058446918850025, 0.004830127075828944, 0.006215866541354725, -0.006341393576298537, 0.017370448133324556], "backward_transfer": 0.0023583667037421264, "instant_forward_transfer": [-0.06857178903773738, 0.04074631939487405, -0.03972918432064687, "NaN", "NaN", "NaN", "NaN", "NaN"], "forward_transfer": -0.022518217987836733, "frugality_score": 0.5726645718338257}