{"instant_average_accuracy": [0.5055546910108014, 0.5582218422899675, 0.5417967854703901, 0.5192842110240271, 0.5180183651149826, 0.5348200798876391, 0.5289028577117243, 0.524073043912159], "average_accuracy": 0.5288339845527114, "instant_backward_transfer": ["NaN", 0.01030429597123439, 0.0003429574194224738, -0.00976058857084842, -0.0012658459090445218, 0.016801714772656573, -0.005917222175914755, -0.004829813799565236], "backward_transfer": 0.0008107853868486438, "instant_forward_transfer": [-0.011613556513419035, 0.027172621212115777, -0.03126108390023369, "NaN", "NaN", "NaN", "NaN", "NaN"], "forward_transfer": -0.0052340064005123145, "frugality_score": 0.528761286124105}