{"continual_macro_BA_cluster_0_round_0": [0.5595457640253222], "continual_macro_BA_cluster_1_round_0": [0.5245513582302078], "continual_macro_BA_cluster_2_round_0": [0.46309055419005996], "continual_macro_BA_cluster_3_round_0": [0.548264773983828], "continual_macro_BA_cluster_0_round_1": [0.5284999335794837], "continual_macro_BA_cluster_1_round_1": [0.5127046589785306], "continual_macro_BA_cluster_2_round_1": [0.5209986419452778], "continual_macro_BA_cluster_3_round_1": [0.6023404305546967], "continual_macro_BA_cluster_0_round_2": [0.5458002024389147], "continual_macro_BA_cluster_1_round_2": [0.556108994913053], "continual_macro_BA_cluster_2_round_2": [0.48902504664237945], "continual_macro_BA_cluster_3_round_2": [0.5909078647244851], "continual_macro_BA_cluster_0_round_3": [0.5541922793884807], "continual_macro_BA_cluster_1_round_3": [0.550650944028479], "continual_macro_BA_cluster_2_round_3": [0.5171837608533936], "continual_macro_BA_cluster_3_round_3": [0.5813150568658769], "continual_macro_BA_cluster_0_round_4": [0.5357489554882353], "continual_macro_BA_cluster_1_round_4": [0.5605487456711776], "continual_macro_BA_cluster_2_round_4": [0.524585990944929], "continual_macro_BA_cluster_3_round_4": [0.5931953258718748], "continual_macro_BA_cluster_0_round_5": [0.5337501998881082], "continual_macro_BA_cluster_1_round_5": [0.5670879113639195], "continual_macro_BA_cluster_2_round_5": [0.5725175445147891], "continual_macro_BA_cluster_3_round_5": [0.6262752637986005], "continual_macro_BA_cluster_0_round_6": [0.5559000986676992], "continual_macro_BA_cluster_1_round_6": [0.575351399452556], "continual_macro_BA_cluster_2_round_6": [0.5022271026524283], "continual_macro_BA_cluster_3_round_6": [0.6002879206764208], "continual_macro_BA_cluster_0_round_7": [0.5520629790746736], "continual_macro_BA_cluster_1_round_7": [0.5750336917700549], "continual_macro_BA_cluster_2_round_7": [0.5374229880661733], "continual_macro_BA_cluster_3_round_7": [0.5726432925639089]}