{"continual_macro_BA_cluster_0_round_0": [0.5], "continual_macro_BA_cluster_1_round_0": [0.5], "continual_macro_BA_cluster_2_round_0": [0.4583333333333333], "continual_macro_BA_cluster_3_round_0": [0.5384615384615384], "continual_macro_BA_cluster_0_round_1": [0.5005421522422392], "continual_macro_BA_cluster_1_round_1": [0.4973521499068178], "continual_macro_BA_cluster_2_round_1": [0.4489174437772026], "continual_macro_BA_cluster_3_round_1": [0.4939378432098203], "continual_macro_BA_cluster_0_round_2": [0.497905871799133], "continual_macro_BA_cluster_1_round_2": [0.5001832116705225], "continual_macro_BA_cluster_2_round_2": [0.4575014652658841], "continual_macro_BA_cluster_3_round_2": [0.5015801332990647], "continual_macro_BA_cluster_0_round_3": [0.5], "continual_macro_BA_cluster_1_round_3": [0.5], "continual_macro_BA_cluster_2_round_3": [0.4583333333333333], "continual_macro_BA_cluster_3_round_3": [0.5384615384615384], "continual_macro_BA_cluster_0_round_4": [0.5], "continual_macro_BA_cluster_1_round_4": [0.5], "continual_macro_BA_cluster_2_round_4": [0.4583333333333333], "continual_macro_BA_cluster_3_round_4": [0.5384615384615384], "continual_macro_BA_cluster_0_round_5": [0.5], "continual_macro_BA_cluster_1_round_5": [0.5], "continual_macro_BA_cluster_2_round_5": [0.4575014652658841], "continual_macro_BA_cluster_3_round_5": [0.5384615384615384], "continual_macro_BA_cluster_0_round_6": [0.501207714557758], "continual_macro_BA_cluster_1_round_6": [0.505483926986865], "continual_macro_BA_cluster_2_round_6": [0.45282002590094694], "continual_macro_BA_cluster_3_round_6": [0.496905935379632], "continual_macro_BA_cluster_0_round_7": [0.5], "continual_macro_BA_cluster_1_round_7": [0.5], "continual_macro_BA_cluster_2_round_7": [0.4583333333333333], "continual_macro_BA_cluster_3_round_7": [0.5384615384615384]}