{"continual_macro_BA_cluster_0_round_0": [0.5], "continual_macro_BA_cluster_1_round_0": [0.5], "continual_macro_BA_cluster_2_round_0": [0.4583333333333333], "continual_macro_BA_cluster_3_round_0": [0.5384615384615384], "continual_macro_BA_cluster_0_round_1": [0.5], "continual_macro_BA_cluster_1_round_1": [0.5], "continual_macro_BA_cluster_2_round_1": [0.4583333333333333], "continual_macro_BA_cluster_3_round_1": [0.5384615384615384], "continual_macro_BA_cluster_0_round_2": [0.5], "continual_macro_BA_cluster_1_round_2": [0.5], "continual_macro_BA_cluster_2_round_2": [0.4583333333333333], "continual_macro_BA_cluster_3_round_2": [0.5384615384615384], "continual_macro_BA_cluster_0_round_3": [0.5], "continual_macro_BA_cluster_1_round_3": [0.5], "continual_macro_BA_cluster_2_round_3": [0.4583333333333333], "continual_macro_BA_cluster_3_round_3": [0.5384615384615384], "continual_macro_BA_cluster_0_round_4": [0.5180587117161404], "continual_macro_BA_cluster_1_round_4": [0.509591765134299], "continual_macro_BA_cluster_2_round_4": [0.45156789514264417], "continual_macro_BA_cluster_3_round_4": [0.5128374791698729], "continual_macro_BA_cluster_0_round_5": [0.5055480169582676], "continual_macro_BA_cluster_1_round_5": [0.4970254019457429], "continual_macro_BA_cluster_2_round_5": [0.44969630101839536], "continual_macro_BA_cluster_3_round_5": [0.496905935379632], "continual_macro_BA_cluster_0_round_6": [0.5], "continual_macro_BA_cluster_1_round_6": [0.4984730065166093], "continual_macro_BA_cluster_2_round_6": [0.45136003715329376], "continual_macro_BA_cluster_3_round_6": [0.498452967689816], "continual_macro_BA_cluster_0_round_7": [0.5], "continual_macro_BA_cluster_1_round_7": [0.5], "continual_macro_BA_cluster_2_round_7": [0.4583333333333333], "continual_macro_BA_cluster_3_round_7": [0.5384615384615384]}