{"continual_macro_BA_cluster_0_round_0": [0.5264745848382594], "continual_macro_BA_cluster_1_round_0": [0.5261829300693247], "continual_macro_BA_cluster_2_round_0": [0.46667659574890374], "continual_macro_BA_cluster_3_round_0": [0.5435759239241844], "continual_macro_BA_cluster_0_round_1": [0.5097034108493079], "continual_macro_BA_cluster_1_round_1": [0.532823334368345], "continual_macro_BA_cluster_2_round_1": [0.527318338091377], "continual_macro_BA_cluster_3_round_1": [0.6400089988738193], "continual_macro_BA_cluster_0_round_2": [0.5369573889444074], "continual_macro_BA_cluster_1_round_2": [0.548803161724439], "continual_macro_BA_cluster_2_round_2": [0.46986841111299016], "continual_macro_BA_cluster_3_round_2": [0.4956365121959447], "continual_macro_BA_cluster_0_round_3": [0.5072158885802561], "continual_macro_BA_cluster_1_round_3": [0.5067604758591434], "continual_macro_BA_cluster_2_round_3": [0.5870170623375006], "continual_macro_BA_cluster_3_round_3": [0.4892464124360874], "continual_macro_BA_cluster_0_round_4": [0.5216760003819814], "continual_macro_BA_cluster_1_round_4": [0.520470704195692], "continual_macro_BA_cluster_2_round_4": [0.4863789884259577], "continual_macro_BA_cluster_3_round_4": [0.5285960523327935], "continual_macro_BA_cluster_0_round_5": [0.5522511068463458], "continual_macro_BA_cluster_1_round_5": [0.5278816674472194], "continual_macro_BA_cluster_2_round_5": [0.5375652153130829], "continual_macro_BA_cluster_3_round_5": [0.6203362112786833], "continual_macro_BA_cluster_0_round_6": [0.4824784477299812], "continual_macro_BA_cluster_1_round_6": [0.5546021390297117], "continual_macro_BA_cluster_2_round_6": [0.5007842323054068], "continual_macro_BA_cluster_3_round_6": [0.4818931696873159], "continual_macro_BA_cluster_0_round_7": [0.5090136692822774], "continual_macro_BA_cluster_1_round_7": [0.5212326052592936], "continual_macro_BA_cluster_2_round_7": [0.5365175808944322], "continual_macro_BA_cluster_3_round_7": [0.4837966112303805]}