{"continual_macro_BA_cluster_0_round_0": [0.4997725204731574], "continual_macro_BA_cluster_1_round_0": [0.5004113533525298], "continual_macro_BA_cluster_2_round_0": [0.4591049382716049], "continual_macro_BA_cluster_3_round_0": [0.5393162393162393], "continual_macro_BA_cluster_0_round_1": [0.5022583441526196], "continual_macro_BA_cluster_1_round_1": [0.5079520444408047], "continual_macro_BA_cluster_2_round_1": [0.46549606892026907], "continual_macro_BA_cluster_3_round_1": [0.5546240237174304], "continual_macro_BA_cluster_0_round_2": [0.5081913499344692], "continual_macro_BA_cluster_1_round_2": [0.5084079663027031], "continual_macro_BA_cluster_2_round_2": [0.4735676233963905], "continual_macro_BA_cluster_3_round_2": [0.55995115995116], "continual_macro_BA_cluster_0_round_3": [0.5091253644314869], "continual_macro_BA_cluster_1_round_3": [0.5216972646873391], "continual_macro_BA_cluster_2_round_3": [0.5425715894465895], "continual_macro_BA_cluster_3_round_3": [0.47872755659640903], "continual_macro_BA_cluster_0_round_4": [0.5058000750081746], "continual_macro_BA_cluster_1_round_4": [0.5035295054476641], "continual_macro_BA_cluster_2_round_4": [0.4649723508230453], "continual_macro_BA_cluster_3_round_4": [0.5585516536603493], "continual_macro_BA_cluster_0_round_5": [0.5087612861663728], "continual_macro_BA_cluster_1_round_5": [0.5349330051426565], "continual_macro_BA_cluster_2_round_5": [0.5104935389483398], "continual_macro_BA_cluster_3_round_5": [0.5808582595670507], "continual_macro_BA_cluster_0_round_6": [0.4956313903840269], "continual_macro_BA_cluster_1_round_6": [0.51166449943839], "continual_macro_BA_cluster_2_round_6": [0.4697396852576647], "continual_macro_BA_cluster_3_round_6": [0.5509506366649224], "continual_macro_BA_cluster_0_round_7": [0.4998361730013106], "continual_macro_BA_cluster_1_round_7": [0.49990030908536853], "continual_macro_BA_cluster_2_round_7": [0.5416666666666666], "continual_macro_BA_cluster_3_round_7": [0.46271585557299844]}