{"instant_average_accuracy": [0.5360938686901146, 0.587063561250137, 0.5796774061071791, 0.561180143045152, 0.5733581802622508, 0.5690656917051191, 0.5754413224125936, 0.5899322903394107], "average_accuracy": 0.5714765579764945, "instant_backward_transfer": ["NaN", -0.008962072837068069, 5.490342893693656e-05, -0.010337358378837721, 0.012178037217098786, -0.004292488557131685, 0.006375630707474489, 0.014490967926817117], "backward_transfer": 0.0013582313581842645, "instant_forward_transfer": [-0.0724028828004084, 0.04542024245290646, -0.04786142905987267, "NaN", "NaN", "NaN", "NaN", "NaN"], "forward_transfer": -0.024948023135791534, "frugality_score": 0.5708611932267993}