{"continual_macro_BA_cluster_0_round_0": [0.5115907045117695], "continual_macro_BA_cluster_1_round_0": [0.5099732428696623], "continual_macro_BA_cluster_2_round_0": [0.47162329500199124], "continual_macro_BA_cluster_3_round_0": [0.5645704444199428], "continual_macro_BA_cluster_0_round_1": [0.5186676723202488], "continual_macro_BA_cluster_1_round_1": [0.4968774551154414], "continual_macro_BA_cluster_2_round_1": [0.46912273009521316], "continual_macro_BA_cluster_3_round_1": [0.5970938581246752], "continual_macro_BA_cluster_0_round_2": [0.5112739389718504], "continual_macro_BA_cluster_1_round_2": [0.5217211597074681], "continual_macro_BA_cluster_2_round_2": [0.5023706116922882], "continual_macro_BA_cluster_3_round_2": [0.6176706376147191], "continual_macro_BA_cluster_0_round_3": [0.5156640411142701], "continual_macro_BA_cluster_1_round_3": [0.5299711352140558], "continual_macro_BA_cluster_2_round_3": [0.5408324079530723], "continual_macro_BA_cluster_3_round_3": [0.5700363822969735], "continual_macro_BA_cluster_0_round_4": [0.5119880065680578], "continual_macro_BA_cluster_1_round_4": [0.529508294082303], "continual_macro_BA_cluster_2_round_4": [0.518241567815186], "continual_macro_BA_cluster_3_round_4": [0.5440175845813686], "continual_macro_BA_cluster_0_round_5": [0.5240783024348473], "continual_macro_BA_cluster_1_round_5": [0.513994083308594], "continual_macro_BA_cluster_2_round_5": [0.521027007626002], "continual_macro_BA_cluster_3_round_5": [0.6261322919528844], "continual_macro_BA_cluster_0_round_6": [0.4828103844738834], "continual_macro_BA_cluster_1_round_6": [0.5269310764788063], "continual_macro_BA_cluster_2_round_6": [0.5067770169648276], "continual_macro_BA_cluster_3_round_6": [0.6209367452272185], "continual_macro_BA_cluster_0_round_7": [0.5191426585611991], "continual_macro_BA_cluster_1_round_7": [0.5353871837988722], "continual_macro_BA_cluster_2_round_7": [0.5429687151478167], "continual_macro_BA_cluster_3_round_7": [0.5703589590212981]}