{"instant_average_accuracy": [0.55312854859862, 0.5772640887516772, 0.5746468317896954, 0.5569942134979935, 0.572099152888509, 0.5847283051447261, 0.5656244901767264, 0.5780023837542082], "average_accuracy": 0.5703110018252695, "instant_backward_transfer": ["NaN", -0.013032733283742548, 0.003844855251406265, -0.004333531799157815, 0.01510493939051552, 0.012629152256216997, -0.019103814967999594, 0.012377893577481786], "backward_transfer": 0.0010695372035315158, "instant_forward_transfer": [-0.0619549191432042, 0.027993690656355708, -0.040944808916746456, "NaN", "NaN", "NaN", "NaN", "NaN"], "forward_transfer": -0.024968679134531647, "frugality_score": 0.5701948678096809}