{"continual_macro_BA_cluster_0_round_0": [0.5559241039625048], "continual_macro_BA_cluster_1_round_0": [0.5250563647966122], "continual_macro_BA_cluster_2_round_0": [0.4686147108754012], "continual_macro_BA_cluster_3_round_0": [0.5533348723321476], "continual_macro_BA_cluster_0_round_1": [0.5326304134857791], "continual_macro_BA_cluster_1_round_1": [0.5352252539977427], "continual_macro_BA_cluster_2_round_1": [0.5399384604640188], "continual_macro_BA_cluster_3_round_1": [0.604764172744949], "continual_macro_BA_cluster_0_round_2": [0.5678705576210462], "continual_macro_BA_cluster_1_round_2": [0.5654853615498705], "continual_macro_BA_cluster_2_round_2": [0.500209276143372], "continual_macro_BA_cluster_3_round_2": [0.6530953409048037], "continual_macro_BA_cluster_0_round_3": [0.5492627561431994], "continual_macro_BA_cluster_1_round_3": [0.5621697874331902], "continual_macro_BA_cluster_2_round_3": [0.544344965954839], "continual_macro_BA_cluster_3_round_3": [0.6028433757427807], "continual_macro_BA_cluster_0_round_4": [0.5619919181233373], "continual_macro_BA_cluster_1_round_4": [0.5820403559424585], "continual_macro_BA_cluster_2_round_4": [0.5382445511075883], "continual_macro_BA_cluster_3_round_4": [0.5956645684039411], "continual_macro_BA_cluster_0_round_5": [0.5480030787782183], "continual_macro_BA_cluster_1_round_5": [0.5665909584195731], "continual_macro_BA_cluster_2_round_5": [0.5504514961452576], "continual_macro_BA_cluster_3_round_5": [0.6377593263996951], "continual_macro_BA_cluster_0_round_6": [0.5628156738177762], "continual_macro_BA_cluster_1_round_6": [0.5888727420551496], "continual_macro_BA_cluster_2_round_6": [0.5313788894128165], "continual_macro_BA_cluster_3_round_6": [0.5943719801518076], "continual_macro_BA_cluster_0_round_7": [0.594199762853475], "continual_macro_BA_cluster_1_round_7": [0.5985763513617302], "continual_macro_BA_cluster_2_round_7": [0.5572130995403237], "continual_macro_BA_cluster_3_round_7": [0.5969318642153193]}