{"instant_average_accuracy": [0.5, 0.5522085163542994, 0.5616695471315931, 0.5603861123440022, 0.563502074643968, 0.5727210018551764, 0.5718558928922752, 0.5716530388843817], "average_accuracy": 0.556749523013212, "instant_backward_transfer": ["NaN", 0.017766709313169038, 0.006570654114448404, 0.003064437305646206, 0.003115962299965802, 0.009218927211208428, -0.0008651089629012343, -0.00020285400789349373], "backward_transfer": 0.0055241038962347356, "instant_forward_transfer": [-0.0812625550098995, -0.0006127046393129554, -0.008130761837113809, "NaN", "NaN", "NaN", "NaN", "NaN"], "forward_transfer": -0.030002007162108754, "frugality_score": 0.556033448087569}