{"continual_macro_BA_cluster_0_round_0": [0.5155547835506433], "continual_macro_BA_cluster_1_round_0": [0.5156114665580412], "continual_macro_BA_cluster_2_round_0": [0.47564963336233296], "continual_macro_BA_cluster_3_round_0": [0.5206952834495463], "continual_macro_BA_cluster_0_round_1": [0.4959661181614359], "continual_macro_BA_cluster_1_round_1": [0.5123869609514642], "continual_macro_BA_cluster_2_round_1": [0.5057037115013922], "continual_macro_BA_cluster_3_round_1": [0.6488423393769516], "continual_macro_BA_cluster_0_round_2": [0.5359417251440098], "continual_macro_BA_cluster_1_round_2": [0.5457480018091224], "continual_macro_BA_cluster_2_round_2": [0.46424196586261846], "continual_macro_BA_cluster_3_round_2": [0.5079808237529325], "continual_macro_BA_cluster_0_round_3": [0.49424551922577176], "continual_macro_BA_cluster_1_round_3": [0.5208298323428475], "continual_macro_BA_cluster_2_round_3": [0.5807298815461928], "continual_macro_BA_cluster_3_round_3": [0.48016432917180335], "continual_macro_BA_cluster_0_round_4": [0.522727352423854], "continual_macro_BA_cluster_1_round_4": [0.5210655657548605], "continual_macro_BA_cluster_2_round_4": [0.4841026249552946], "continual_macro_BA_cluster_3_round_4": [0.537236859736429], "continual_macro_BA_cluster_0_round_5": [0.5023556925395907], "continual_macro_BA_cluster_1_round_5": [0.5219157649451744], "continual_macro_BA_cluster_2_round_5": [0.5287602985756569], "continual_macro_BA_cluster_3_round_5": [0.6558058668314501], "continual_macro_BA_cluster_0_round_6": [0.525198657375923], "continual_macro_BA_cluster_1_round_6": [0.5483610672811943], "continual_macro_BA_cluster_2_round_6": [0.4771724156926451], "continual_macro_BA_cluster_3_round_6": [0.5517417825886693], "continual_macro_BA_cluster_0_round_7": [0.49467595677440673], "continual_macro_BA_cluster_1_round_7": [0.5138485408930559], "continual_macro_BA_cluster_2_round_7": [0.5906921343250595], "continual_macro_BA_cluster_3_round_7": [0.491679906614557]}