{"instant_average_accuracy": [0.4997725204731574, 0.5284411839350249, 0.5255168253961108, 0.5130304437904561, 0.5082133962348083, 0.533761522456105, 0.506996552936251, 0.5010297510815861], "average_accuracy": 0.5145952745379374, "instant_backward_transfer": ["NaN", 0.002485823679462207, 0.0056300710077896166, -0.02233343015769908, -0.004817047555647824, 0.025548126221296666, -0.02676496951985398, -0.005966801854664944], "backward_transfer": -0.0037454611684739057, "instant_forward_transfer": [-0.0018167667948865152, 0.006965910868469483, 0.008071554476121456, "NaN", "NaN", "NaN", "NaN", "NaN"], "forward_transfer": 0.004406899516568141, "frugality_score": 0.5144199325055326}