{"instant_average_accuracy": [0.5, 0.5192307692307692, 0.5128205128205128, 0.49919871794871795, 0.4980139627907392, 0.48729391382550946, 0.4870715028399298, 0.49919871794871795], "average_accuracy": 0.5003535121756121, "instant_backward_transfer": ["NaN", 0.0, 0.0, 0.0, -0.0011847551579788201, -0.010720048965229656, -0.00022241098557969352, 0.01212721510878817], "backward_transfer": 0.0, "instant_forward_transfer": [0.0, 0.0, 0.0, "NaN", "NaN", "NaN", "NaN", "NaN"], "forward_transfer": 0.0, "frugality_score": 0.5002080901640664}