{"instant_average_accuracy": [0.5155547835506433, 0.5724042287691937, 0.5298901835686882, 0.5189923905716538, 0.5162831007176096, 0.5522094057229681, 0.5256184807346079, 0.5227241346517698], "average_accuracy": 0.5317095885358918, "instant_backward_transfer": ["NaN", -0.01958866538920745, -0.050442954320722544, -0.03147695665521405, -0.002709289854044311, 0.0359263050053585, -0.026590924988360104, -0.002894346082838145], "backward_transfer": -0.013968118897861159, "instant_forward_transfer": [-0.028088066154250635, 0.013414786266241069, -0.041461745638773695, "NaN", "NaN", "NaN", "NaN", "NaN"], "forward_transfer": -0.01871167517559442, "frugality_score": 0.5315624985370324}